,Sequence,Activity
0,cgucccguaguagucgucg,0.627
1,cccguaguagucgucguag,0.69
2,guagucgucguagaagagg,0.827
3,uagucgucguagaagaggu,0.893
4,gucguagaagaggucugag,0.372
5,agaggucugagcccucguc,0.517
6,gucugagcccucgucgggc,0.336
7,gucgggcgccggcgccuug,0.268
8,gcgccggcgccuuggucuu,0.255
9,uggucuucacgcaguacuc,0.737
10,gucuucacgcaguacucgg,0.59
11,uucacgcaguacucggcca,0.652
12,cgcaguacucggccagcgu,0.524
13,gucacgcuccgcguccacc,0.534
14,ccuugguccccaggaccug,0.43
15,guccccaggaccugcuucc,0.584
16,gcuuccggaugaugucugu,0.349
17,gaugaugucuguguacucc,0.766
18,uguguacucccgauccuuc,0.743
19,guguacucccgauccuucc,0.565
20,cccgauccuuccccuugcu,0.412
21,uuuccacuuccuguacauc,0.829
22,ccuguacaucacggaggcg,0.364
23,caucacggaggcguccacg,0.794
24,ucacggaggcguccacguu,0.552
25,cgggcgagaagguguuggg,0.459
26,guugggcucguucaggagg,0.682
27,ucguucaggagggagauca,0.7
28,ggagggagaucacacucag,0.232
29,gagggagaucacacucagg,0.584
30,gggagaucacacucaggag,0.423
31,ucacacucaggagaauggu,0.813
32,cacacucaggagaaugguc,0.449
33,caggagaaugguccugacg,0.721
34,aggagaaugguccugacgu,0.722
35,cugacguucugcguggggu,0.578
36,ucugcgugggguuccaccu,0.726
37,ccaccucucugagggcagc,0.393
38,ggucguccaccggcgggug,0.254
39,gucguccaccggcgggugg,0.442
40,cguagauguuagggugcca,0.251
41,uguuagggugccacaucuu,0.367
42,guggagaguauggguaguc,0.659
43,guauggguagucgaugggg,0.449
44,gauggggaacuugaggcgc,0.58
45,auggggaacuugaggcgcg,0.511
46,cgccuugaaguagccgccc,0.298
47,gaaguagccgcccucguag,0.598
48,aaguagccgcccucguagu,0.737
49,ccucccaguuguauagauc,0.417
50,ucccaguuguauagaucgc,0.74
51,guuguauagaucgcccucg,0.727
52,uguauagaucgcccucguc,0.643
53,ucgcccucguccaccagug,0.755
54,cguccaccagugucacgcg,0.673
55,cccucgaccggcucuuccu,0.443
56,cggcucuuccugcagcccc,0.476
57,gucuguuuuauagauccgu,0.683
58,uuuauagauccgugcaauc,0.924
59,agauccgugcaaucucugg,0.82
60,cgugcaaucucuggcacua,0.624
61,ugcaaucucuggcacuagg,0.862
62,gggucaucuggguuuggau,0.445
63,ggucaucuggguuuggauc,0.565
64,cuggguuuggaucacauag,0.958
65,ggguuuggaucacauagca,0.422
66,uuggaucacauagcaguga,0.952
67,cauagcagugaacaaaugg,0.945
68,auagcagugaacaaaugga,0.984
69,uagcagugaacaaauggau,0.961
70,gcagugaacaaauggauaa,0.236
71,gugaacaaauggauaaaag,0.27
72,uggauaaaagaacuuuaga,0.642
73,gauaaaagaacuuuagaaa,0.306
74,aaaagaacuuuagaaauug,0.806
75,uuuagaaauuguuaaagca,0.92
76,uuagaaauuguuaaagcag,0.897
77,auuguuaaagcaggcgacc,0.845
78,uuguuaaagcaggcgacca,0.903
79,uguuaaagcaggcgaccac,1.002
80,ggcgaccacugugaucuua,0.556
81,cgaccacugugaucuuaga,0.433
82,ugaucuuagaauaucgaga,0.981
83,gaauaucgagacaaaugcu,0.792
84,aauaucgagacaaaugcug,0.952
85,aucgagacaaaugcugcca,0.996
86,acaaaugcugccauuacug,0.974
87,ugcugccauuacuguuaau,0.576
88,cuguuaauauuuggaugau,0.32
89,uaauauuuggaugauaaau,0.762
90,uuuggaugauaaauucuug,0.931
91,gauaaauucuuguuguaaa,0.488
92,auaaauucuuguuguaaau,0.744
93,uaaauucuuguuguaaaug,0.7
94,aauucuuguuguaaaugca,0.833
95,auucuuguuguaaaugcaa,0.684
96,cuuguuguaaaugcaaccu,0.866
97,uuguuguaaaugcaaccuu,0.83
98,guuguaaaugcaaccuuag,0.809
99,caaccuuaggugguuugaa,0.644
100,accuuaggugguuugaagg,0.945
101,ggugguuugaagggguagu,0.631
102,gugguuugaagggguaguc,0.876
103,uugaagggguagucuguag,0.949
104,ugaagggguagucuguagg,0.999
105,uagucuguaggaaaaugaa,0.85
106,gucuguaggaaaaugaauu,0.623
107,cuguaggaaaaugaauugu,0.762
108,uguaggaaaaugaauuguc,0.923
109,guaggaaaaugaauuguca,0.554
110,aaaagaauacaccgccuug,1.045
111,agaauacaccgccuugaua,0.995
112,cuugauaugggcugucauu,0.8
113,uugauaugggcugucauua,0.977
114,gggcugucauuagguccca,0.486
115,gcugucauuaggucccaua,0.444
116,ugucauuaggucccauaau,0.641
117,ggucccauaauuguggcuu,0.52
118,gucccauaauuguggcuug,0.352
119,ucccauaauuguggcuugc,0.758
120,cccauaauuguggcuugcc,0.602
121,uaauuguggcuugccaaug,1.003
122,uuguggcuugccaaugaaa,0.853
123,uguggcuugccaaugaaac,0.949
124,uggcuugccaaugaaacau,0.907
125,ggcuugccaaugaaacaua,0.447
126,gccaaugaaacauaucauc,0.661
127,caaugaaacauaucauccc,0.95
128,auaucauccccaacuggac,0.883
129,uaucauccccaacuggacc,0.937
130,ccccaacuggaccugcaga,0.329
131,cccaacuggaccugcagaa,0.5
132,gaccugcagaacauugugc,1.003
133,accugcagaacauugugcu,1.015
134,ccugcagaacauugugcug,0.878
135,cuuuguucaacaauggccg,0.765
136,guucaacaauggccgaaac,0.616
137,caauggccgaaacucuuuu,0.492
138,auggccgaaacucuuuucu,0.778
139,uggccgaaacucuuuucuc,0.827
140,cgaaacucuuuucucauau,0.463
141,aaacucuuuucucauauuc,0.787
142,acucuuuucucauauucuc,0.836
143,cucuuuucucauauucucg,0.735
144,ucuuuucucauauucucgu,0.842
145,auucucguuuguuuuccug,0.84
146,uuuguuuuccugauaaagc,0.804
147,uuuccugauaaagcugugc,0.838
148,uccugauaaagcugugcug,0.775
149,gauaaagcugugcugccug,0.751
150,aaagcugugcugccuggcu,0.714
151,agcugugcugccuggcuau,0.712
152,gcugugcugccuggcuauu,0.51
153,ugcugccuggcuauuggcu,0.759
154,ccuggcuauuggcuggacu,0.687
155,ggacuguuaggauucgguu,0.499
156,gacuguuaggauucgguuc,0.727
157,uuaggauucgguucaucca,0.743
158,aggauucgguucauccagc,0.815
159,gguucauccagcagagacu,0.531
160,uucauccagcagagacuga,0.624
161,auccagcagagacugaauu,0.608
162,cugaauugauguuaagaua,0.505
163,uuaagauagaagauacauc,0.847
164,auagaagauacaucauaug,0.839
165,auacaucauauguuggacu,0.836
166,auguuggacuccaucgauu,0.744
167,uguuggacuccaucgauuc,0.841
168,guuggacuccaucgauucu,0.648
169,uuggacuccaucgauucug,0.863
170,gacuccaucgauucugaag,0.722
171,cuccaucgauucugaagga,0.5
172,uccaucgauucugaaggau,0.772
173,cgauucugaaggauaucua,0.479
174,cugaaggauaucuaaacau,0.467
175,ugaaggauaucuaaacaua,0.635
176,ucuaaacauaugcuaccau,0.694
177,uaugcuaccaucagcauac,0.757
178,ccaucagcauacacauuug,0.626
179,ucagcauacacauuuggau,0.73
180,gcauacacauuuggaugaa,0.46
181,cacauuuggaugaaacauu,0.635
182,uuuggaugaaacauuuugg,0.846
183,ggaugaaacauuuuggaua,0.482
184,aaaaccuaacaguuggugg,0.697
185,aguuggugguuuauuugga,0.618
186,guuuauuuggauauucuuc,0.777
187,uuauuuggauauucuucag,0.801
188,uuuggauauucuucagaaa,0.825
189,uuggauauucuucagaaaa,0.853
190,uggauauucuucagaaaau,0.637
191,ucagaaaauucuauuacua,0.723
192,aaaauucuauuacuaguuu,0.475
193,aauucuauuacuaguuuaa,0.467
194,auuacuaguuuaaaaguac,0.862
195,aucuucaaaaggugucccu,0.781
196,cuucaaaaggugucccuuc,0.798
197,uucugguccaaauauaacu,0.79
198,ugguccaaauauaacugca,0.817
199,gguccaaauauaacugcau,0.532
200,aaauauaacugcauuccac,0.846
201,auauaacugcauuccacug,0.835
202,cauuccacugcaugauguu,0.55
203,uccacugcaugauguuguu,0.564
204,gcaugauguuguuuucaga,0.483
205,gauguuguuuucagauggu,0.508
206,uguuguuuucagauggugc,0.742
207,uuguuuucagauggugcgc,0.728
208,uucagauggugcgccacug,0.618
209,gccacugacacccacaggu,0.767
210,cacagguggguccucuugu,0.611
211,cucuuguaaccgcuugaaa,0.455
212,ucuuguaaccgcuugaaau,0.782
213,guaaccgcuugaaaucccg,0.851
214,ggagccgauguagccaccc,0.581
215,agccgauguagccaccccg,0.543
216,gauguagccaccccgcaug,0.677
217,gcauggagcgcugcacguu,0.612
218,uucugcucaaacagccgcc,0.766
219,aacagccgccgguuguucu,0.612
220,agccgccgguuguucugca,0.676
221,gccgccgguuguucugcag,0.641
222,uguucugcaggaccucugc,0.699
223,uucugcaggaccucugcgg,0.671
224,cugcaggaccucugcggcc,0.664
225,ugcaggaccucugcggccu,0.654
226,ucugcggccuccuuguuca,0.659
227,cugcggccuccuuguucag,0.686
228,cuccuuguucagugggucc,0.631
229,caguggguccucgggguug,0.628
230,cucgggguugggcuccaag,0.645
231,gggguugggcuccaagaag,0.613
232,ggguugggcuccaagaaga,0.561
233,guugggcuccaagaagaga,0.697
234,uugggcuccaagaagagau,0.771
235,agaagagauacugcaggcc,0.802
236,uacugcaggccauaaauua,0.67
237,ggccauaaauuauggaguu,0.497
238,aaauuauggaguuuaucgu,0.822
239,uggaguuuaucguaaggac,0.767
240,ggaguuuaucguaaggacu,0.606
241,guuuaucguaaggacuggc,0.685
242,aggacuggcuuccaguccu,0.541
243,aggauguugaggcagacgu,0.804
244,uugaggcagacguugcccu,0.795
245,cgaggucaauguuggggug,0.625
246,gaggucaauguugggguga,0.654
247,aauguuggggugauagacc,0.797
248,uguuggggugauagaccau,0.713
249,uuggggugauagaccauug,0.861
250,ggggugauagaccauuguc,0.618
251,uagaccauugucucacacu,0.921
252,cauugucucacacuucacc,0.817
253,caugcggguaacccuggcc,0.738
254,augcggguaacccuggccc,0.793
255,gcggguaacccuggcccac,0.564
256,guaacccuggcccaccuua,0.699
257,gcccaccuuaaaacugaac,0.539
258,ccuuaaaacugaacacaaa,0.511
259,acacaaacuucccacucuu,0.851
260,aaacuucccacucuuguag,0.873
261,acuucccacucuuguagaa,0.689
262,cuucccacucuuguagaag,0.759
263,ucuuguagaagcccucauc,0.827
264,uguagaagcccucaucagg,0.779
265,uagaagcccucaucaggac,0.803
266,cccucaucaggacagauga,0.575
267,ccucaucaggacagaugac,0.589
268,caucaggacagaugaccag,0.767
269,acagaugaccagcuugaag,0.77
270,gucgucuggaucugagaag,0.656
271,gucuggaucugagaagcug,0.793
272,gaucugagaagcugauauc,0.605
273,ucugagaagcugauaucac,0.703
274,gucuugggcagguucagcu,0.718
275,cuugggcagguucagcucg,0.719
276,uugggcagguucagcucgu,0.66
277,cguuuauguccuucuggau,0.564
278,gauccgcagcugcgccgcc,0.717
279,auccgcagcugcgccgccg,0.699
280,agcugcgccgccgacgccu,0.517
281,ccgacgccuucuugcugcu,0.53
282,gacgccuucuugcugcugc,0.61
283,cgccuucuugcugcugccc,0.589
284,gcugcccuuggugccgccc,0.649
285,uuggugccgcccgccgacu,0.736
286,uggugccgcccgccgacuc,0.53
287,ugccgcccgccgacuccuc,0.599
288,cccgccgacuccuccuccu,0.417
289,gacuccuccuccuucuucu,0.594
290,agaguauucuucagcuagg,0.639
291,aguauucuucagcuagguc,1.016
292,auucuucagcuaggucagc,0.701
293,cuucagcuaggucagcccg,0.613
294,ucagcuaggucagcccgaa,0.49
295,uaggucagcccgaagcggg,0.623
296,ggucagcccgaagcgggug,0.6
297,ucagcccgaagcgggugcu,0.376
298,gcccgaagcgggugcucag,0.517
299,cgaagcgggugcucaggcu,0.463
300,gaagcgggugcucaggcug,0.371
301,gucauucaccagugcuaug,0.809
302,ucauucaccagugcuauga,0.775
303,cauucaccagugcuaugag,0.771
304,gagggacuggauuacuugg,0.614
305,agggacuggauuacuuggu,0.873
306,cuggauuacuuggucgguu,0.666
307,gauuacuuggucgguuuug,0.562
308,auuacuuggucgguuuugg,0.846
309,acuuggucgguuuugguug,0.87
310,uggucgguuuugguugcug,0.6
311,cgguuuugguugcuggcuu,0.417
312,guuuugguugcuggcuucc,0.73
313,ugguugcuggcuuccaguu,0.718
314,uuucggcacuaauuacugg,0.828
315,cacuaauuacuggcagaca,0.517
316,acuaauuacuggcagacag,0.525
317,uaauuacuggcagacagac,0.91
318,aauuacuggcagacagacc,0.743
319,uacuggcagacagaccugc,0.527
320,ccugccccuuuucgucgau,0.32
321,ugccccuuuucgucgaugu,0.645
322,ccuuuucgucgauguuugg,0.594
323,cgucgauguuugggugaua,0.57
324,auguuugggugauagaucu,0.731
325,uuugggugauagaucuuug,0.828
326,gggugauagaucuuuguuu,0.501
327,auagaucuuuguuuuaaau,0.655
328,uuuuaaaugugaucuucgg,0.834
329,ugaucuucggugguuugaa,0.659
330,ucggugguuugaaugggua,0.718
331,uugaauggguacucugcug,0.9
332,ucugaaggcucccuuauca,1.099
333,cucccuuaucauauggagg,0.812
334,auauggaggguugucagga,0.697
335,ggaacaauaagcccuugcc,0.794
336,uaagcccuugccaagucaa,0.619
337,aagcccuugccaagucaau,0.587
338,agcccuugccaagucaaua,0.753
339,gccaagucaauaaauuagc,0.462
340,aauuagcuucaucaaccug,0.967
341,uuagcuucaucaaccugga,1.115
342,aucaaccuggauguuacgg,0.614
343,ugagcuguccccgguaccc,0.719
344,gagcuguccccgguacccu,0.772
345,gcuguccccgguacccucu,0.65
346,ccccgguacccucuuccug,0.747
347,uuccuguucuuucagcgcc,0.985
348,uucuuucagcgccuccucc,0.919
349,cagcgccuccuccguggcg,0.668
350,agcgccuccuccguggcgu,0.719
351,cguauuucuggauguacuc,0.776
352,ggauguacucuuuaauuuu,0.705
353,uguacucuuuaauuuucug,0.786
354,uaauuuucugcuuguauuc,0.931
355,uuuucugcuuguauucuuc,0.951
356,uucugcuuguauucuucug,0.777
357,ucugcuuguauucuucugg,1.039
358,cuuguauucuucuggucgg,0.864
359,guauucuucuggucggugg,0.825
360,ucuggucgguggagguaca,0.957
361,cgguggagguacauggcug,0.614
362,gguacauggcugcagcguc,0.553
363,acauggcugcagcgucacc,0.91
364,auggcugcagcgucaccau,0.866
365,ugagaggaucuaugggguu,0.494
366,gaggaucuaugggguuagg,0.669
367,gaucuaugggguuaggaua,0.502
368,gggguuaggauaggccaau,0.362
369,aggauaggccaauaacuga,0.666
370,aggcaggaaggacucaaau,0.482
371,ggaaggacucaaauauauu,0.416
372,gaaggacucaaauauauug,0.842
373,ggacucaaauauauuggua,0.486
374,caaauauauugguaagauc,0.783
375,aaauauauugguaagauca,0.684
376,uauauugguaagaucauag,1.1
377,uaagaucauagagagcugu,0.958
378,ucauagagagcuguccaag,0.81
379,cauagagagcuguccaagu,0.86
380,guuugauuaauuacaucua,0.465
381,ugauuaauuacaucuagac,1.058
382,acaucuagacacacaguuc,0.984
383,aucuagacacacaguuccu,1.001
384,agacacacaguuccugacg,0.999
385,auggaaaauuuuauucaug,0.64
386,uuuuauucaugaauccuau,1.064
387,uuuauucaugaauccuaua,0.679
388,auucaugaauccuauagau,0.953
389,auccuauagauggagauuu,0.964
390,uggagauuugaaaggguau,0.992
391,auuugaaaggguauuuauc,1.016
392,auuuaucagguagguccac,0.779
393,uuuaucagguagguccacu,1.084
394,gguagguccacucuaacuu,0.642
395,guagguccacucuaacuuu,0.5
396,acucuaacuuuccauacuc,0.836
397,auacuccgccuucauaugg,1.016
398,uccgccuucauaugguguu,0.678
399,cuucauaugguguuccuug,0.995
400,gguguuccuugugguccau,0.34
401,uguuccuugugguccauaa,0.917
402,gugguccauaaaacuucac,0.638
403,ugguccauaaaacuucacu,0.955
404,uccauaaaacuucacuaca,0.756
405,aaaacuucacuacaaauuc,0.967
406,ccucccaggaucguaaccu,0.841
407,cucccaggaucguaaccuc,0.573
408,cccaggaucguaaccucau,0.777
409,aaccucauguuuacucucg,0.98
410,ccucauguuuacucucgau,0.711
411,cucauguuuacucucgaug,0.702
412,ucauguuuacucucgauga,0.715
413,uuuggcaguaaaucgugua,0.929
414,ggcaguaaaucguguaggc,0.678
415,uaaaucguguaggccucug,0.838
416,guaggccucugcuugagcu,0.895
417,cugcuugagcugggucuug,0.758
418,ugggucuuggauauuuggu,0.839
419,gggucuuggauauuugguu,0.489
420,uauuugguucauuuagaag,0.888
421,cauuuagaaguuccuguau,0.521
422,aguuccuguauuccuaaua,0.719
423,uguauuccuaauaggaucu,0.904
424,guauuccuaauaggaucug,0.744
425,uaggaucuguuugauugug,0.874
426,cuguuugauugugauggcu,0.601
427,guuugauugugauggcugg,0.56
428,uggccuccaguccuugucc,0.859
429,uccaguccuuguccuccuc,0.705
430,ucuaagauggacaggcaca,0.76
431,aagauggacaggcacacug,0.801
432,agauggacaggcacacugu,0.592
433,ggacaggcacacugucccc,0.478
434,ggcacacuguccccgaagg,0.511
435,uccccgaaggguacacauu,0.596
436,cccgaaggguacacauucg,0.451
437,ggguacacauucgggugaa,0.496
438,uacacauucgggugaaaua,0.789
439,auucgggugaaauaauggu,0.883
440,gaaauaauggugguucgaa,0.591
441,aaauaauggugguucgaau,0.81
442,aauggugguucgaauuuac,0.892
443,uggugguucgaauuuacau,0.75
444,gugguucgaauuuacauuu,0.539
445,uucgaauuuacauuuuggu,0.864
446,uggcgaagauggauaauca,0.59
447,cgaagauggauaaucaucu,0.527
448,auggauaaucaucuuugaa,0.652
449,caucuuugaaaagcauccg,0.873
450,aaaagcauccguaguuuaa,0.502
451,agcauccguaguuuaaaca,0.681
452,auccguaguuuaaacaagc,0.922
453,cguaguuuaaacaagccuc,0.732
454,guaguuuaaacaagccucc,0.825
455,uaaacaagccuccuuccca,0.78
456,caagccuccuucccacgga,0.524
457,uccuucccacggagucccu,0.721
458,uucccacggagucccuuuc,0.893
459,ucccacggagucccuuucu,0.631
460,cccacggagucccuuucuu,0.456
461,cacggagucccuuucuuuc,0.531
462,gagucccuuucuuuccugg,0.549
463,ucccuuucuuuccuggaau,0.839
464,uuccuggaauggcgcacuc,0.726
465,gcacucccaguucaugagg,0.722
466,cacucccaguucaugaggu,0.588
467,acucccaguucaugagguu,0.345
468,caguucaugagguucaucg,0.782
469,uucaugagguucaucgugc,0.844
470,agguucaucgugccaucgg,0.818
471,gguucaucgugccaucggg,0.55
472,guucaucgugccaucggga,0.488
473,gacagccacgaaaccaaau,0.516
474,gccacgaaaccaaaugggu,0.569
475,ccacgaaaccaaaugggug,0.854
476,gaaaccaaauggguggucu,0.798
477,uucuuaucgcgcucgccag,0.824
478,uuaucgcgcucgccagcau,0.713
479,gccagcaugcuucuuggcc,0.572
480,gccaugggacccucagccc,0.457
481,ccaugggacccucagcccc,0.428
482,augggacccucagccccuc,0.45
483,ggccccagggucgguggag,0.44
484,agggucgguggaggaagcu,0.494
485,guggaggaagcuucagugc,0.585
486,aagcuucagugccacuggc,0.579
487,gugccacuggccagggccc,0.43
488,acuggccagggcccgaccg,0.415
489,ggccagggcccgaccggcu,0.43
490,gcccgaccggcuucggccc,0.364
491,cccgaccggcuucggcccu,0.491
492,uucggcccugccgcugggc,0.42
493,cguggaucucugugagcag,0.548
494,aucucugugagcagacggg,0.701
495,gugagcagacgggcccgag,0.55
496,acgggcccgagcugcauac,0.47
497,cgggcccgagcugcauacu,0.498
498,gggcccgagcugcauacuc,0.534
499,cccgagcugcauacuccuc,0.567
500,cugcauacuccucguaguu,0.4
501,auacuccucguaguucucc,0.563
502,ucguaguucuccaagagca,0.778
503,guaguucuccaagagcagg,0.707
504,uaguucuccaagagcaggc,0.76
505,ucuccaagagcaggcggcc,0.694
506,aggcggcccgccuccucgu,0.443
507,ccgccuccucguugagugc,0.485
508,ccucguugagugcagacuc,0.715
509,cucguugagugcagacucg,0.706
510,gagugcagacucgggguua,0.395
511,gacucgggguuagggugga,0.394
512,ggguggaucagcaggcacu,0.557
513,guggaucagcaggcacuug,0.635
514,gauggucagcaguacgugu,0.593
515,auggucagcaguacguguc,0.855
516,ggaugcccagcucagccgu,0.523
517,ccucuugagcacguugacg,0.631
518,ucuugagcacguugacgca,0.745
519,cuugagcacguugacgcag,0.678
520,guugacgcagaucucgcca,0.856
521,ucucgccauuggcgcccac,0.544
522,cauuggcgcccacguucgg,0.449
523,ccacguucggguggaagau,0.316
524,cguucggguggaagaucuu,0.604
525,ucuuggucaggaaguagcc,0.917
526,aggaaguagcccuugggug,0.815
527,ggaaguagcccuugggugg,0.547
528,aguagcccuugggugggga,0.489
529,agcccuuggguggggaggc,0.463
530,ggggaggcagggaaguccu,0.552
531,cagggaaguccuuccccag,0.404
532,agggaaguccuuccccagc,0.539
533,uuccccagcaggaguuuca,0.54
534,gaguuucaugcggaacaga,0.423
535,caugcggaacagaccucca,0.585
536,gaccuccagcauauggggu,0.499
537,ccagcauaugggguccccu,0.365
538,cauaugggguccccucagg,0.252
539,auaugggguccccucaggg,0.465
540,ggguccccucagggcccuc,0.446
541,ucagggcccucgaugguga,0.359
542,cagggcccucgauggugac,0.451
543,ugagguccuccucguuggg,0.54
544,gagguccuccucguuggga,0.357
545,agguccuccucguugggaa,0.416
546,guccuccucguugggaaag,0.339
547,ccucguugggaaagaccuu,0.53
548,ugggaaagaccuugaugcc,0.573
549,ggaaagaccuugaugccau,0.565
550,gaccuugaugccaucgggu,0.664
551,ccuugaugccaucgggugg,0.472
552,ugaugccaucggguggguc,0.617
553,gccaucgggugggucugcg,0.515
554,gggugggucugcggucagu,0.436
555,ugcggucagugucgucacc,0.887
556,uccgaaucggagggugaac,0.611
557,ccgaaucggagggugaacu,0.553
558,cggagggugaacucuucgg,0.626
559,gagggugaacucuucggca,0.599
560,gggugaacucuucggcauu,0.516
561,cuucggcauucuuucugaa,0.577
562,auucuuucugaacagcucc,1.077
563,aacagcuccggauucugug,0.978
564,acagcuccggauucugugu,0.854
565,agcuccggauucuguguca,0.548
566,gcuccggauucugugucag,0.796
567,gucagcaggucagcgaggu,0.586
568,gcaggucagcgagguccau,0.438
569,aggucagcgagguccaucc,0.805
570,ggucagcgagguccauccg,0.716
571,agcgagguccauccgcagg,0.818
572,gcgagguccauccgcaggg,0.597
573,gguccauccgcaggggcuc,0.559
574,ccauccgcaggggcucccu,0.601
575,ggggcucccugauauucgg,0.5
576,ugauauucggucuauucac,0.899
577,cggucuauucaccagcaca,0.59
578,cuauucaccagcacauuga,0.691
579,gcacauugagggccuccag,0.482
580,acauugagggccuccagga,0.742
581,ccuccaggacuuggcaagu,0.318
582,uggcaagucuuggugcaag,0.896
583,ucuuggugcaaggcuucca,0.777
584,uggugcaaggcuuccaguu,0.778
585,cuuccaguucucacugcug,0.749
586,uccaguucucacugcugau,0.829
587,ccaguucucacugcugaug,0.657
588,caguucucacugcugauga,0.613
589,ucucacugcugaugauggg,0.74
590,gaugaugggcaggcaaauc,0.713
591,cucguccacguuggggugg,0.676
592,ucguccacguugggguggu,0.649
593,cguccacguugggguggua,0.374
594,uccacguuggggugguaga,0.53
595,uggggugguagaucuuggu,0.908
596,ggggugguagaucuugguu,0.436
597,gugguagaucuugguugug,0.458
598,guagaucuugguugugaau,0.51
599,gaucuugguugugaauuug,0.859
600,uugugaauuugaucauggg,0.952
601,uugaucaugggaggcuuga,0.867
602,ugaucaugggaggcuugaa,0.712
603,ggaggcuugaacggauacu,0.537
604,aggcuugaacggauacucc,0.846
605,acggauacuccggcgggaa,0.43
606,cggauacuccggcgggaag,0.381
607,acuccggcgggaagcugau,0.523
608,gggaagcugaugcgcaggu,0.709
609,ggaagcugaugcgcagguu,0.516
610,ugcgcagguugaaggcuuu,0.698
611,guagggagguuggucgggu,0.64
612,gggagguuggucggguagg,0.556
613,gagguuggucggguaggag,0.635
614,gguuggucggguaggagga,0.495
615,uuggucggguaggaggaga,0.799
616,gucggguaggaggagagcg,0.737
617,gguaggaggagagcgugcc,0.625
618,uaggaggagagcgugccac,0.969
619,aggagagcgugccacacca,0.895
620,gagcgugccacaccaggac,0.742
621,caggacauuggcaucaucg,0.971
622,aggacauuggcaucaucgc,1.072
623,ggacauuggcaucaucgcu,0.873
624,ggcaucaucgcuggacagg,0.776
625,cgcuggacagguuccgcag,0.761
626,cuggacagguuccgcaggu,0.738
627,acagguuccgcagguaugg,0.883
628,auuucucuuuguguuggau,0.691
629,uucucuuuguguuggauga,0.93
630,cucuuuguguuggaugacg,0.863
631,uuguguuggaugacgcccu,1.071
632,cccuucugaaucagaucag,0.732
633,ugaaucagaucagggauuu,0.81
634,ucagggauuuccacugcca,0.714
635,agggauuuccacugccagc,0.485
636,acugccagccauggaccca,0.352
637,cugccagccauggacccag,0.605
638,uggacccagccccagagcc,0.699
639,agccccagagccaugagau,0.538
640,agccaugagaugagcuagu,0.538
641,ccaugagaugagcuagucc,0.617
642,uccaaauuugggcacauuc,0.679
643,auuugggcacauuccuggc,0.772
644,auuccuggcccacaaaggu,0.569
645,acaaagguuugaaaugauc,0.988
646,aagguuugaaaugauccgu,1.06
647,agguuugaaaugauccguc,1.227
648,guuugaaaugauccgucag,0.657
649,uugaaaugauccgucaggc,1.173
650,ccgucaggcauauuuugcc,0.999
651,ugccaccccuguacaucuu,0.623
652,caccccuguacaucuuugc,1.081
653,ccuguacaucuuugcuguc,0.501
654,uguacaucuuugcugucuu,1.126
655,aucuuugcugucuuuccau,0.699
656,cuuugcugucuuuccaucc,1.026
657,ucuuuccauccagcucagg,1.201
658,cauccagcucaggaacugc,0.801
659,ccagcucaggaacugcaau,0.616
660,gaacugcaauuucuggggc,0.617
661,aacugcaauuucuggggca,0.449
662,ugcaauuucuggggcagua,0.522
663,uggggcaguaguaggauau,0.782
664,caguaguaggauaugugau,0.692
665,auaugugauaggaauguca,1.146
666,gauaggaaugucaaacucg,0.957
667,ucaaacucgaugucaaacu,1.216
668,gaugucaaacucauauuuc,0.669
669,augucaaacucauauuuca,0.753
670,aacucauauuucaggaggu,0.435
671,caggaggucauggauauac,0.96
672,ggaggucauggauauacca,0.314
673,auauaccagcauuuuccaa,0.568
674,uuuccaaaccaccgaguuc,0.977
675,ccaaaccaccgaguuccuu,0.322
676,aaccaccgaguuccuuccu,0.618
677,guuccuuccuuguuggacu,0.835
678,cuuccuuguuggacuccag,0.663
679,uggacuccagucggaacca,0.719
680,ucggaaccaaucguuguca,0.761
681,ggaaccaaucguugucagc,0.78
682,cguugucagcauucuuguu,0.433
683,uugucagcauucuuguugu,0.864
684,cauucuuguuguucuccac,0.689
685,guuguucuccacauaccgg,0.723
686,ucuccacauaccggauaag,0.784
687,acauaccggauaagggacu,0.746
688,cauaccggauaagggacug,0.788
689,auaccggauaagggacuga,0.889
690,uaccggauaagggacugau,0.991
691,cugauauuccuccuucagu,0.752
692,auauuccuccuucagucgc,1.066
693,uauuccuccuucagucgcu,0.931
694,auuccuccuucagucgcug,1.005
695,uccuucagucgcugcaccc,0.859
696,agucgcugcacccacaacu,0.804
697,ucacgaucucgggguccgg,0.566
698,uuucuuuucuaugccuacu,1.016
699,cuuuucuaugccuacuagc,1.06
700,uacuagcugacuggccuuc,0.919
701,ccuuccuuuucuguguuga,0.655
702,uguugaguuguguacucug,0.83
703,uuguguacucuggagucac,1.08
704,guguacucuggagucacca,0.803
705,gucaccagccucugguaga,0.635
706,ucaccagccucugguagau,0.97
707,cucugguagauuaucaagc,1.01
708,agauuaucaagcaucucuu,0.994
709,gauuaucaagcaucucuuc,0.859
710,uuaucaagcaucucuuccu,1.13
711,aucaagcaucucuuccuca,0.916
712,caagcaucucuuccucauc,0.951
713,gcaucucuuccucaucagc,0.738
714,uuucugucuugcaugcuuc,0.971
715,cuguccacugucuggcauu,0.775
716,guccacugucuggcauucu,0.95
717,ucuggcauucuugaggaag,0.76
718,auuauauuuaaauucugag,0.859
719,uuaaauucugaggauaugu,1.14
720,agccaugagcgggucauca,0.756
721,ccaugagcgggucaucagg,0.835
722,caugagcgggucaucaggg,0.912
723,augagcgggucaucagggu,1.007
724,gggucaucaggguuggguu,0.527
725,uggguucugacaugagcag,1.045
726,gguucugacaugagcagcu,0.794
727,gcagcugaauagaggucaa,0.492
728,uagaggucaacacaguugc,1.145
729,ggucaacacaguugcgaug,0.848
730,aacacaguugcgauguuga,1.026
731,acaguugcgauguugaggg,1.062
732,gggauggucuccaagcacc,0.804
733,ggauggucuccaagcaccu,0.656
734,gauggucuccaagcaccuu,0.605
735,gucuccaagcaccuuuugg,0.849
736,agcaccuuuugguggcaau,0.438
737,cuuuugguggcaauuugag,0.685
738,ugguggcaauuugagaaca,0.533
739,ggcaauuugagaacaucca,0.719
740,caauuugagaacauccaga,0.808
741,gagaacauccagacaaauc,0.75
742,aacauccagacaaauccuu,0.799
743,cauccagacaaauccuucc,0.961
744,gacaaauccuuccagcaga,0.878
745,aauccuuccagcagaauca,0.954
746,aaucaauguuuggaugaua,0.674
747,uguuuggaugauaaauugg,1.013
748,uuuggaugauaaauuggag,1.071
749,ggaugauaaauuggaguga,0.568
750,aaauuggagugagaaaucg,1.068
751,auuggagugagaaaucgga,1.093
752,aaaucggaucugaggaggu,1.004
753,ucggaucugaggagguuca,1.051
754,cggaucugaggagguucaa,0.565
755,gagguucaaauggguaccu,0.631
756,uucaaauggguaccucuca,0.874
757,caaauggguaccucucagg,0.785
758,auggguaccucucaggaau,1.141
759,accucucaggaaugauaac,0.754
760,cucucaggaaugauaacuu,0.794
761,augauaacuucuagcuuaa,0.899
762,aaaacaccuuucucauaag,0.925
763,ccuuucucauaaggugugu,0.747
764,guguuggcuccaccuaaua,0.574
765,cuccaccuaauauuugagc,0.871
766,caccuaauauuugagcucg,0.9
767,accuaauauuugagcucgc,0.716
768,uaauauuugagcucgcagg,1.021
769,auauuugagcucgcagguc,1.008
770,ucgcaggucauccauuugg,0.953
771,gucauccauuuggucuuua,0.632
772,ggucuuuaucuugccaaca,0.758
773,cuugccaacaugugaugcc,0.873
774,ugccaacaugugaugccug,0.908
775,accauuuuguuuucuuugg,1.013
776,uuuguuuucuuuggauucu,1.057
777,uuucuuuggauucuuguua,1.146
778,uucuuguuacauguucgca,1.039
779,ucuuguuacauguucgcac,1.252
780,uuguuacauguucgcacau,0.887
781,aaaagaauuauccgguggu,0.967
782,aaagaauuauccggugguc,0.964
783,uauccgguggucgucucuu,0.827
784,uggucgucucuuuuccuug,1.098
785,ggucgucucuuuuccuugc,1.121
786,uuuccuugcagcuggaaag,1.03
787,uccuugcagcuggaaagca,1.103
788,agcuggaaagcaugcuaau,0.675
789,ggaaagcaugcuaauaaug,0.932
790,aaagcaugcuaauaaugcu,0.848
791,aaugcuaagacaaacugau,1.07
792,augcuaagacaaacugauu,1.042
793,cuaagacaaacugauugga,0.85
794,agacaaacugauuggacug,1.215
795,cugauuggacugagagcgc,1.088
796,gagagcgcuggggaccagu,0.931
797,gcgcuggggaccagucuuc,0.805
798,cgcuggggaccagucuucu,0.884
799,ggggaccagucuucuguua,0.647
800,ggaccagucuucuguuaga,0.733
801,agucuucuguuagaaugga,0.641
802,ucuucuguuagaauggaua,0.839
803,cuguuagaauggauaaaca,0.662
804,uuagaauggauaaacagau,0.966
805,uagaauggauaaacagaua,0.859
806,ugaccauugcuauaaacau,0.962
807,uugcuauaaacaugaggau,1.043
808,gcuauaaacaugaggauga,0.788
809,uauaaacaugaggaugaac,1.054
810,uaaacaugaggaugaacag,1.126
811,aacaugaggaugaacagga,1.083
812,acaugaggaugaacaggaa,0.73
813,augaggaugaacaggaaua,1.04
814,ggaugaacaggaauauuuu,0.535
815,ugaacaggaauauuuucac,0.82
816,aacaggaauauuuucacca,1.151
817,acaggaauauuuucaccag,1.078
818,aggaauauuuucaccagua,0.944
819,gaauauuuucaccaguaaa,0.912
820,uucaccaguaaacaugacc,1.032
821,gaccugaggagagucaaaa,0.95
822,cugaggagagucaaaagga,0.784
823,gagagucaaaaggauaucg,0.857
824,agagucaaaaggauaucga,0.747
825,agucaaaaggauaucgacu,0.814
826,caaaaggauaucgacuacu,1.235
827,uaucgacuacuaaauuuaa,0.799
828,aucgacuacuaaauuuaaa,0.88
829,gacuacuaaauuuaaauag,0.835
830,cuaaauuuaaauagaaguu,0.961
831,uuaaauagaaguugaaauu,0.975
832,uuccccuucauauaaggua,1.111
833,auauaagguaccuggugca,0.78
834,uaagguaccuggugcaccu,0.932
835,uaccuggugcaccuuccau,0.861
836,cuggugcaccuuccauguc,0.949
837,ggugcaccuuccaugucua,0.389
838,caugucuacaauccacugu,1.104
839,augucuacaauccacugug,1.152
840,ugucuacaauccacugugu,0.993
841,ucuacaauccacuguguaa,0.926
842,uacaauccacuguguaauu,1.118
843,cacuguguaauugaauuuu,0.768
844,guguaauugaauuuugaac,0.736
845,auugaauuuugaacacucu,1.091
846,uugaauuuugaacacucuu,1.135
847,aauuuugaacacucuucuc,1.156
848,cucuucucauuuaagguca,0.75
849,ucuucucauuuaaggucau,0.689
850,cucauuuaaggucauucca,0.964
851,uuuaaggucauuccaggag,1.003
852,uuaaggucauuccaggagg,0.993
853,aauauguauucguuugcca,1.1
854,uguauucguuugccagaua,0.916
855,auucguuugccagauauau,0.959
856,auucgucggaauauaagag,0.988
857,cugccaaugccaaagucag,0.764
858,ggaugacaaucaguacagc,0.624
859,caguacagcugacccacca,0.834
860,gguugucucuuggcuggug,0.558
861,uuggcugguggcccuggau,0.76
862,acaucuggugaaguagaca,0.731
863,gaaguagacaaccuucucu,0.788
864,acucugcugcugggcccgg,0.474
865,cugcugcugggcccggcgc,0.353
866,uucuuagcuacagguuggg,0.785
867,agguuggguagguugauga,0.479
868,uggguagguugaugaaagg,0.562
869,uggccguagcacccuggaa,0.751
870,gguauaucaucuuguaaau,0.476
871,uuguaaaucaguuagugaa,0.675
872,agugguuuaagucugacuc,0.887
873,uuccagaugaauugacuuc,0.753
874,uccagaugaauugacuucu,0.796
875,ccagaugaauugacuucug,0.605
876,cagaugaauugacuucugc,0.544
877,cugccuuaaagcuuauuug,0.56
878,guucuuuggcuucuugguc,0.567
879,ucuuuggcuucuuggucag,0.731
880,gcuuccagauuuuaaaggc,0.504
881,uuccagauuuuaaaggcaa,0.705
882,uccagauuuuaaaggcaac,0.552
883,gcaagugcucuucuuuccu,0.707
884,aaccuauggcucccucucc,0.61
885,uggcucccucuccuuuugu,0.417
886,cccucuccuuuuguuggca,0.287
887,ugauggcuaauaaugcugu,0.547
888,uggcuaauaaugcuguccu,0.748
889,uaaugcuguccuuauacuc,0.914
890,aggaugauggccugagaug,0.647
891,augauggccugagaugcuc,0.641
892,uggccugagaugcucaaac,0.726
893,ccugagaugcucaaacaga,0.56
894,cccacuucaaaucgaccau,0.563
895,cacuucaaaucgaccauua,0.463
896,aaucgaccauuagccguua,0.84
897,uaaugcuuggugguuucau,0.681
898,caugggauacucugguggc,0.536
899,acuauccgcccgugauaaa,0.518
900,acuccuccaucaaaaucgg,0.48
901,ggcugcgcaugguaaugau,0.552
902,gagcugucuguuugaacau,0.646
903,cugucuguuugaacauuuc,0.766
904,ucuguuugaacauuucggg,0.927
905,uuugaacauuucgggauuu,0.738
906,uuucgggauuuuguuugua,0.661
907,uucgggauuuuguuuguac,0.739
908,cgggauuuuguuuguacug,0.701
909,uuguuuguacugauuugcu,0.778
910,uuguacugauuugcuacua,0.879
911,uguacugauuugcuacuac,0.921
912,acugauuugcuacuacagc,0.874
913,gauuugcuacuacagcauc,0.655
914,uuugcuacuacagcauccu,0.921
915,uugcuacuacagcauccug,0.93
916,ugcuacuacagcauccugu,0.899
917,cuacagcauccuguggauc,0.676
918,agcauccuguggaucaucu,0.68
919,cauccuguggaucaucugg,0.667
920,auccuguggaucaucuggc,0.749
921,uguggaucaucuggcucug,0.825
922,aucuggcucugcagcugcc,0.818
923,uggcucugcagcugccaau,0.85
924,cucugcagcugccaauagu,0.62
925,uagugcuugcaaugacaau,0.854
926,agugcuugcaaugacaaua,0.892
927,ugacaauaauaccgugcgg,0.633
928,auaccgugcggagagucau,0.857
929,ugcggagagucauugcagc,0.871
930,ggagagucauugcagcugc,0.474
931,gagagucauugcagcugcc,0.576
932,gagucauugcagcugccca,0.442
933,auugcagcugcccauugau,0.484
934,gcugcccauugaucuuuca,0.573
935,cugcccauugaucuuucag,0.792
936,ucuuucaggauauccaaac,0.871
937,cuuucaggauauccaaaca,0.587
938,uucaggauauccaaacaaa,0.789
939,uauccaaacaaauagcccc,0.812
940,auccaaacaaauagccccu,0.71
941,aauagccccugugacggaa,0.555
942,ugacggaacuaauauuagg,0.749
943,acggaacuaauauuaggau,0.532
944,aacuaauauuaggaugcca,0.616
945,uauuaggaugccauauuuu,0.673
946,uaggaugccauauuuuagu,0.76
947,cauauuuuagugauaaacc,0.812
948,uauuuuagugauaaaccgg,0.897
949,auuuuagugauaaaccgga,0.73
950,auuaaauggguauguuucu,0.723
951,uaaauggguauguuucugg,0.724
952,auggguauguuucugguau,0.763
953,uuuuaucucuaguugguau,0.785
954,ucuaguugguaucuuccuc,0.793
955,uaguugguaucuuccuccu,0.754
956,aguugguaucuuccuccuu,0.681
957,uugguaucuuccuccuuca,0.827
958,cuuccuccuucauauggug,0.695
959,cuccuucauaugguguguc,0.642
960,uccuucauauggugugucu,0.81
961,ccuucauauggugugucug,0.728
962,uucauauggugugucugga,0.739
963,cauauggugugucuggagg,0.669
964,uggugugucuggagguccu,0.746
965,ugucuggagguccugcuau,0.698
966,gucuggagguccugcuauu,0.561
967,ucuggagguccugcuauuu,0.654
968,agguccugcuauuucuccu,0.694
969,gguccugcuauuucuccuc,0.548
970,cuauuucuccucuuaauuc,0.742
971,uccucuuaauucuguaaaa,0.476
972,uguaaaauucucaucuaca,0.895
973,guaaaauucucaucuacaa,0.551
974,uaaaauucucaucuacaag,0.913
975,aaaauucucaucuacaaga,0.844
976,aaauucucaucuacaagau,0.813
977,uucucaucuacaagaucua,0.857
978,cucaucuacaagaucuacu,0.882
979,ucaucuacaagaucuacuu,0.889
980,cuacaagaucuacuuuaau,0.458
981,uagccuaguccaugcucua,0.738
982,uccaugcucuagcuguuuc,1.003
983,augcucuagcuguuucuau,0.918
984,ugcucuagcuguuucuaug,0.953
985,cuagcuguuucuauggcuu,0.904
986,gcuguuucuauggcuuggg,0.602
987,uguuucuauggcuugggcu,0.917
988,guuucuauggcuugggcuu,0.611
989,uuucuauggcuugggcuuc,0.903
990,uucuauggcuugggcuucg,0.841
991,ucuauggcuugggcuucgu,0.775
992,uauggcuugggcuucguug,0.94
993,uugggcuucguuggucuuc,0.854
994,cuucguuggucuuccacug,0.78
995,ggucuuccacugcuccgcu,0.439
996,gucuuccacugcuccgcua,0.402
997,cugcuccgcuacaucauuu,0.432
998,ugcuccgcuacaucauuug,0.642
999,gcuccgcuacaucauuugc,0.498
1000,cgcuacaucauuugcuaau,0.342
1001,gcuacaucauuugcuaaug,0.302
1002,cuacaucauuugcuaaugg,0.779
1003,caucauuugcuaauggauc,0.613
1004,aucauuugcuaauggauca,0.702
1005,ugcuaauggaucaucugga,0.859
1006,uggaucaucuggauuggga,0.784
1007,ggaucaucuggauugggag,0.587
1008,gauagcagaacugugcgga,0.635
1009,auagcagaacugugcggau,0.542
1010,cagaacugugcggaucugc,0.863
1011,aucugcagugcuggggacc,0.622
1012,cugcagugcuggggaccac,0.594
1013,gcagugcuggggaccacuu,0.482
1014,ggggaccacuuaucuuuca,0.345
1015,gaccacuuaucuuucaaaa,0.355
1016,cuuaucuuucaaaauaucu,0.571
1017,uuaucuuucaaaauaucua,0.806
1018,uaucuuucaaaauaucuag,0.856
1019,uuucaaaauaucuagacau,0.759
1020,cuagacauauucuucccaa,0.528
1021,uucuucccaacuugucuac,0.94
1022,uucccaacuugucuacauu,0.938
1023,ccaacuugucuacauuagg,0.694
1024,uugucuacauuaggaugau,0.464
1025,cuacauuaggaugauaaau,0.492
1026,uaggaugauaaauuuuggu,0.816
1027,aaauuuuggucaugaaacg,1.0
1028,aauuuuggucaugaaacgu,0.921
1029,gucaugaaacguacuuuag,0.795
1030,uuaggggcugccauugggu,0.64
1031,ggcugccauuggguauucu,0.447
1032,ggguauucuucuggaagga,0.369
1033,uauucuucuggaaggaaua,0.83
1034,cuucuggaaggaauaguuc,0.875
1035,cuggaaggaauaguucaag,0.848
1036,uggaaggaauaguucaagu,0.961
1037,gaaggaauaguucaaguuu,0.436
1038,ggaauaguucaaguuuaaa,0.299
1039,aguucaaguuuaaaagucc,0.872
1040,aaaagucccucccucaaag,0.706
1041,gaauccugagggccagcaa,0.502
1042,gagggccagcaaugaccac,0.541
1043,gggccagcaaugaccacau,0.471
1044,gccagcaaugaccacauga,0.506
1045,ccagcaaugaccacaugaa,0.395
1046,cagcaaugaccacaugaaa,0.398
1047,gcaaugaccacaugaaaau,0.471
1048,acaugaaaauaacgggcgu,0.624
1049,augaaaauaacgggcguug,0.871
1050,gggcguugcucucaucugg,0.658
1051,ugcucucaucugguucggc,0.826
1052,cucucaucugguucggcuu,0.883
1053,aucugguucggcuuugaug,0.847
1054,ugguucggcuuugaugcca,0.816
1055,cggcuuugaugccaggaac,0.782
1056,gcuuugaugccaggaacug,0.614
1057,uuugaugccaggaacuggu,0.974
1058,ugaugccaggaacugguuc,0.36
1059,gaugccaggaacugguucu,0.607
1060,uuuucuuacacagcgggca,0.943
1061,cuuacacagcgggcaacuu,0.79
1062,uuacacagcgggcaacuuu,0.939
1063,gggcaacuuuucuuuuaaa,0.435
1064,acuuuucuuuuaaauucuc,0.564
1065,uuuucuuuuaaauucucca,0.742
1066,aaauucuccauuucuaucu,1.02
1067,uuucuaucuucccuccauu,0.859
1068,uucccuccauucuuucgca,0.727
1069,cccuccauucuuucgcagc,0.638
1070,ccuccauucuuucgcagca,0.344
1071,ucuuucgcagcaucaacau,1.042
1072,cuuucgcagcaucaacauu,0.935
1073,cagcaucaacauuagcagg,0.975
1074,agcaucaacauuagcaggu,0.939
1075,aacauuagcaggugagucu,0.811
1076,gcaggugagucuccauuag,0.719
1077,ugagucuccauuagggucu,0.898
1078,agggucugccagcauagaa,0.61
1079,ccagcauagaaaugacacu,0.476
1080,agcauagaaaugacacuaa,0.54
1081,auagaaaugacacuaauca,0.785
1082,gacacuaaucaugaugguu,0.654
1083,acacuaaucaugaugguuu,0.669
1084,acuaaucaugaugguuucc,0.544
1085,augaugguuuccacagugu,0.893
1086,gaugguuuccacagugugg,0.861
1087,augguuuccacagugugga,0.853
1088,gguuuccacaguguggaua,0.412
1089,uccacaguguggauaggga,0.621
1090,ccacaguguggauagggag,0.629
1091,guguggauagggagccagc,0.64
1092,gggagccagcguuccucug,0.425
1093,agccagcguuccucuggcu,0.378
1094,gccagcguuccucuggcuu,0.359
1095,cagcguuccucuggcuuuu,0.326
1096,gcguuccucuggcuuuuca,0.359
1097,uccucuggcuuuucauaac,0.493
1098,ucuggcuuuucauaaccau,0.392
1099,cuggcuuuucauaaccaua,0.318
1100,uuuucauaaccauacuuau,0.693
1101,uuucauaaccauacuuauc,0.877
1102,ccauacuuaucuuccccag,0.55
1103,uacuuaucuuccccaggcu,0.786
1104,uaucuuccccaggcucaug,0.76
1105,aucuuccccaggcucauga,0.764
1106,ggcucaugaagaauagaaa,0.295
1107,aauagaaaugcacacauca,0.748
1108,uagaaaugcacacaucacc,0.947
1109,agaaaugcacacaucacca,0.85
1110,uuuuaucaacauuugggug,0.731
1111,ucaacauuugggugccaga,0.734
1112,aacauuugggugccagauu,0.734
1113,gugccagauuucuguaaug,0.501
1114,auuucuguaaugaauuuca,0.616
1115,uaaugaauuucauuuuagg,0.696
1116,augaauuucauuuuaggag,0.879
1117,gaauuucauuuuaggaggu,0.395
1118,auuuuaggaggucggaggg,0.624
1119,gaggucggaggggauaauc,0.847
1120,aggucggaggggauaaucu,0.842
1121,caccuucauaaaguguauc,0.66
1122,accuucauaaaguguaucu,0.787
1123,uaaaguguaucuggagggc,0.752
1124,guguaucuggagggccaau,0.361
1125,ggagggccaauaauaagga,0.447
1126,ggccaauaauaaggacuuc,0.876
1127,gccaauaauaaggacuucc,0.71
1128,uaaggacuucccaucggua,0.931
1129,ggacuucccaucgguagag,0.683
1130,acuucccaucgguagagau,0.677
1131,ccaucgguagagaucauug,0.867
1132,aucgguagagaucauuguc,1.032
1133,cgguagagaucauugucau,0.405
1134,uugucaucuauuaaaccug,0.975
1135,caucuauuaaaccugcaga,0.606
1136,ucuauuaaaccugcagaaa,0.517
1137,uuaaaccugcagaaaagcc,0.833
1138,gaaaagccuuccacuggau,0.654
1139,cacugucuggcuauccugu,0.552
1140,cugucuggcuauccugucg,0.78
1141,ugucguguucugcucuguu,0.769
1142,ucguguucugcucuguugg,0.888
1143,guuggucaaauacugagug,0.871
1144,uggucaaauacugaguggc,0.909
1145,ucaaauacugaguggcuau,0.887
1146,gcuuccaaccagaggaucc,0.598
1147,uccaaccagaggauccgca,0.758
1148,cagaggauccgcaggguug,0.563
1149,ggauccgcaggguugcagu,0.711
1150,ggguugcagucugucaaaa,0.503
1151,cugucaaaagggaacaaau,0.478
1152,ugucaaaagggaacaaaua,0.452
1153,aaaagggaacaaauagaca,0.86
1154,agggaacaaauagacagca,0.734
1155,acaaauagacagcaaaacc,0.948
1156,auagacagcaaaaccuuug,0.924
1157,gcaaaaccuuugaaauagu,0.343
1158,aaauagucaaagcgggacu,0.567
1159,auagucaaagcgggacucc,0.692
1160,agucaaagcgggacuccag,0.72
1161,gggacuccaguugucuuua,0.438
1162,acuccaguugucuuuaagg,0.589
1163,ggauguccagacagaugac,0.438
1164,uguccagacagaugacucc,0.756
1165,cagacagaugacucccuga,0.49
1166,agacagaugacucccugac,0.834
1167,agaugacucccugacuguu,0.585
1168,augacucccugacuguuga,0.747
1169,ugacucccugacuguugau,0.705
1170,acucccugacuguugaugu,0.699
1171,cccugacuguugauguugc,0.661
1172,cuguugauguugcagugau,0.697
1173,agugauagauucuggugcg,0.734
1174,gauagauucuggugcggaa,0.425
1175,gauucuggugcggaaagua,0.492
1176,ucuggugcggaaaguaacc,0.914
1177,ggugcggaaaguaaccuuu,0.507
1178,cggaaaguaaccuuuggug,0.588
1179,aaccuuugguggcuuaaau,0.642
1180,ugguggcuuaaauggauaa,0.287
1181,gcuuaaauggauaaucuga,0.382
1182,cugaugaaaaugugauauc,0.576
1183,ugaaaaugugauauccaga,0.688
1184,aaaacacaccaccuucaua,0.501
1185,acaccaccuucauauacag,0.368
1186,cagaacccgguggaccaag,0.684
1187,uggaccaaguauaguugau,0.595
1188,gaccaaguauaguugaucu,0.528
1189,uauaguugaucuccauuca,0.905
1190,auucauaaauguuaucucc,0.758
1191,ucauaaauguuaucuccuu,0.52
1192,uaucuccuuuaggcccagc,0.672
1193,uccuuuaggcccagcacug,0.732
1194,aggcccagcacugcaauua,0.473
1195,ccagcacugcaauuaggag,0.511
1196,gcacugcaauuaggaggag,0.343
1197,cacugcaauuaggaggagg,0.626
1198,auuaggaggaggaucaagg,0.816
1199,aucaaggguuauuucagcu,0.82
1200,gguuauuucagcuagcucc,0.805
1201,uauuucagcuagcuccuuc,0.885
1202,uucagcuagcuccuucuga,0.874
1203,cagcuagcuccuucugaau,0.423
1204,agcuagcuccuucugaauu,0.712
1205,uucugaauucuuuuagcac,0.815
1206,acuaguggauaacuuagca,0.828
1207,gcagugguuuugcuagaga,0.359
1208,gugguuuugcuagagaguu,0.524
1209,guuuugcuagagaguuugg,0.698
1210,uuugcuagagaguuuggug,0.842
1211,uugcuagagaguuuggugu,0.901
1212,cuggguggcagaagguuuu,0.321
1213,ucuuuccucuuguucuuca,0.893
1214,uccucuuguucuucaggcu,0.89
1215,uggagcggcugggucucgc,0.692
1216,cggcugggucucgcugguc,0.547
1217,cgcaucugaacugccacug,0.53
1218,guccuucgggcggcugagg,0.552
1219,ccuucgggcggcugaggga,0.466
1220,uuucauauuuucuuuagac,0.753
1221,uucuuuagacaucauuagg,0.951
1222,ucuuuagacaucauuaggc,0.945
1223,agacaucauuaggcgccga,0.788
1224,uuaggcgccgaagcucuug,0.841
1225,uaggcgccgaagcucuugc,0.826
1226,cgaagcucuugcaggacaa,0.519
1227,cucuugcaggacaacuuug,0.715
1228,ucuugcaggacaacuuuga,0.898
1229,ggacaacuuugaugcuaua,0.47
1230,acaacuuugaugcuauaug,0.777
1231,caacuuugaugcuauauga,0.49
1232,cuuugaugcuauaugaauu,0.7
1233,ugaugcuauaugaauucug,0.9
1234,gaugcuauaugaauucugc,0.82
1235,ugcuauaugaauucugcca,0.897
1236,gaauucugccauuuugcua,0.63
1237,uucugccauuuugcuagca,0.714
1238,ugccauuuugcuagcacug,0.875
1239,uugcuagcacugauauggc,0.921
1240,gcuagcacugauauggcuc,0.909
1241,cuagcacugauauggcucu,0.903
1242,uagcacugauauggcucuu,0.844
1243,uauggcucuuggguccacc,0.841
1244,uuggguccaccacuccauu,0.835
1245,ccaccacuccauuagaacu,0.568
1246,guuacaaaucuuacaaagg,0.638
1247,gguccacauucuauuuuaa,0.388
1248,uauuuuaaggcuguauauu,0.829
1249,uuuuaaggcuguauauucg,0.894
1250,uaaggcuguauauucgguu,0.961
1251,cauaaauuguucuuggagg,0.631
1252,auaaauuguucuuggaggc,0.765
1253,aauuguucuuggaggccca,0.571
1254,ggaggcccaauuaucaucc,0.705
1255,uuaucaucccuguccaucu,0.9
1256,caucccuguccaucuugua,0.527
1257,ucaugucuucgucaucuuc,0.95
1258,ugucuucgucaucuucuag,0.888
1259,gucuucgucaucuucuaga,0.58
1260,ucuucgucaucuucuagac,0.92
1261,uucgucaucuucuagaccc,0.963
1262,cgucaucuucuagacccca,0.388
1263,caucuucuagaccccagcu,0.73
1264,aucuucuagaccccagcua,0.828
1265,gcuaacugugccaucuccu,0.609
1266,uaacugugccaucuccuac,0.888
1267,ugugccaucuccuacuccu,0.923
1268,ccaucuccuacuccuuucu,0.586
1269,uacuccuuucuggccuucu,0.861
1270,ggccuucuucgaguucuuc,0.538
1271,ccuucuucgaguucuucca,0.599
1272,guucuuccaacagucggaa,0.523
1273,uuccaacagucggaaauug,0.953
1274,caacagucggaaauugcga,0.856
1275,cagucggaaauugcgaggg,0.845
1276,ucggaaauugcgagggacu,0.96
1277,auugcgagggacuuuuacu,0.91
1278,ugcgagggacuuuuacucc,0.887
1279,gagggacuuuuacuccuuu,0.656
1280,uuuacuccuuugcagugaa,0.814
1281,uacuccuuugcagugaaau,0.95
1282,cuccuuugcagugaaauuu,0.458
1283,ccuuugcagugaaauuuuc,0.837
1284,uugcagugaaauuuucuag,0.96
1285,gcagugaaauuuucuaggu,0.365
1286,cagugaaauuuucuagguu,0.494
1287,gugaaauuuucuagguuca,0.43
1288,gaaauuuucuagguucaag,0.535
1289,auuuucuagguucaagucu,0.714
1290,ucuagguucaagucuuccu,0.78
1291,agucuuccuucaucacuca,0.623
1292,uuccagagcucggcagcau,0.845
1293,uccagagcucggcagcaug,0.905
1294,agcucggcagcaugugugu,0.78
1295,cucggcagcauguguguuc,0.896
1296,ucggcagcauguguguuca,0.865
1297,auguguguucaagggacua,0.761
1298,uucaagggacuaucaaugu,0.908
1299,ucaagggacuaucaauguu,0.931
1300,cuaucaauguuggguucuc,0.663
1301,aucaauguuggguucuccu,0.942
1302,aauguuggguucuccuaga,0.888
1303,uguuggguucuccuagaag,0.861
1304,uuggguucuccuagaaggc,0.928
1305,guucuccuagaaggcucug,0.755
1306,uccuagaaggcucuggaug,0.786
1307,uagaaggcucuggauggag,0.819
1308,cuggauggagagcagaaug,0.797
1309,ggagagcagaaugguccug,0.454
1310,agcagaaugguccugacau,0.565
1311,gcagaaugguccugacauc,0.488
1312,gaaugguccugacaucaua,0.321
1313,gguccugacaucauacagg,0.42
1314,ccugacaucauacagggca,0.508
1315,acaucauacagggcagacc,0.555
1316,caucauacagggcagacca,0.286
1317,ucauacagggcagaccacu,0.611
1318,ggcagaccacuuuuccuuc,0.633
1319,gaccacuuuuccuucagga,0.718
1320,cacuuuuccuucaggaugu,0.462
1321,uuccuucaggauguccagg,0.742
1322,uccuucaggauguccaggc,0.858
1323,ccuucaggauguccaggca,0.492
1324,aggauguccaggcauaugu,0.757
1325,ggcauauguuacccugggu,0.396
1326,uuacccuggguguccacgu,0.83
1327,ggguguccacguuggggug,0.116
1328,guccacguuggggugauag,0.772
1329,uccacguuggggugauagc,0.894
1330,cguuggggugauagcaggg,0.531
1331,guuggggugauagcagggc,0.634
1332,uagcagggcgugaggaacu,0.844
1333,agcagggcgugaggaacuu,0.51
1334,gcagggcgugaggaacuuc,0.409
1335,gugaggaacuucacugugg,0.743
1336,gaggaacuucacugugggc,0.467
1337,ggaacuucacugugggcgc,0.709
1338,acuucacugugggcgcauu,0.576
1339,uucacugugggcgcauugu,0.937
1340,gugggcgcauuguaagggu,0.474
1341,cgcauuguaaggguagcca,0.613
1342,gcauuguaaggguagccac,0.878
1343,cauuguaaggguagccacu,0.769
1344,uguaaggguagccacuggg,0.857
1345,guaaggguagccacugggg,0.677
1346,guagccacuggggaacucu,0.87
1347,uagccacuggggaacucua,0.672
1348,gccacuggggaacucuagc,0.69
1349,ccacuggggaacucuagcg,0.869
1350,gaacucuagcgagagcuua,0.602
1351,ucuagcgagagcuuauacc,0.913
1352,cuagcgagagcuuauaccu,0.924
1353,agcgagagcuuauaccuca,0.806
1354,gcgagagcuuauaccucag,0.758
1355,gagagcuuauaccucaggu,0.809
1356,gagcuuauaccucaggucu,0.717
1357,agcuuauaccucaggucuu,0.464
1358,ccucaggucuucauauacu,0.772
1359,cucaggucuucauauacug,0.822
1360,ucaggucuucauauacugu,0.881
1361,aggucuucauauacuguuc,0.869
1362,cuucauauacuguuccagc,0.904
1363,uucauauacuguuccagcu,0.975
1364,uauacuguuccagcugcuc,0.852
1365,acuguuccagcugcuccau,0.845
1366,ccagcugcuccauggaugg,0.807
1367,cagcugcuccauggauggu,0.621
