,Sequence,Activity
68,cgucccguaguagucgucg,0.627
69,cccguaguagucgucguag,0.69
70,guagucgucguagaagagg,0.827
71,uagucgucguagaagaggu,0.893
72,gucguagaagaggucugag,0.372
73,agaggucugagcccucguc,0.517
74,gucugagcccucgucgggc,0.336
75,gucgggcgccggcgccuug,0.268
76,gcgccggcgccuuggucuu,0.255
77,uggucuucacgcaguacuc,0.737
78,gucuucacgcaguacucgg,0.59
79,uucacgcaguacucggcca,0.652
80,cgcaguacucggccagcgu,0.524
81,gucacgcuccgcguccacc,0.534
82,ccuugguccccaggaccug,0.43
83,guccccaggaccugcuucc,0.584
84,gcuuccggaugaugucugu,0.349
85,gaugaugucuguguacucc,0.766
86,uguguacucccgauccuuc,0.743
87,guguacucccgauccuucc,0.565
88,cccgauccuuccccuugcu,0.412
89,uuuccacuuccuguacauc,0.829
91,ccuguacaucacggaggcg,0.364
92,caucacggaggcguccacg,0.794
93,ucacggaggcguccacguu,0.552
94,cgggcgagaagguguuggg,0.459
95,guugggcucguucaggagg,0.682
96,ucguucaggagggagauca,0.7
97,ggagggagaucacacucag,0.232
98,gagggagaucacacucagg,0.584
99,gggagaucacacucaggag,0.423
100,ucacacucaggagaauggu,0.813
101,cacacucaggagaaugguc,0.449
102,caggagaaugguccugacg,0.721
103,aggagaaugguccugacgu,0.722
104,cugacguucugcguggggu,0.578
105,ucugcgugggguuccaccu,0.726
106,ccaccucucugagggcagc,0.393
107,ggucguccaccggcgggug,0.254
108,gucguccaccggcgggugg,0.442
109,cguagauguuagggugcca,0.251
110,uguuagggugccacaucuu,0.367
111,guggagaguauggguaguc,0.659
112,guauggguagucgaugggg,0.449
113,gauggggaacuugaggcgc,0.58
114,auggggaacuugaggcgcg,0.511
115,cgccuugaaguagccgccc,0.298
116,gaaguagccgcccucguag,0.598
117,aaguagccgcccucguagu,0.737
118,ccucccaguuguauagauc,0.417
119,ucccaguuguauagaucgc,0.74
120,guuguauagaucgcccucg,0.727
121,uguauagaucgcccucguc,0.643
122,ucgcccucguccaccagug,0.755
123,cguccaccagugucacgcg,0.673
124,cccucgaccggcucuuccu,0.443
125,cggcucuuccugcagcccc,0.476
126,gucuguuuuauagauccgu,0.683
127,uuuauagauccgugcaauc,0.924
128,agauccgugcaaucucugg,0.82
129,cgugcaaucucuggcacua,0.624
130,ugcaaucucuggcacuagg,0.862
131,gggucaucuggguuuggau,0.445
132,ggucaucuggguuuggauc,0.565
133,cuggguuuggaucacauag,0.958
134,ggguuuggaucacauagca,0.422
135,uuggaucacauagcaguga,0.952
136,cauagcagugaacaaaugg,0.945
137,auagcagugaacaaaugga,0.984
138,uagcagugaacaaauggau,0.961
139,gcagugaacaaauggauaa,0.236
140,gugaacaaauggauaaaag,0.27
141,uggauaaaagaacuuuaga,0.642
143,gauaaaagaacuuuagaaa,0.306
144,aaaagaacuuuagaaauug,0.806
145,uuuagaaauuguuaaagca,0.92
146,uuagaaauuguuaaagcag,0.897
147,auuguuaaagcaggcgacc,0.845
148,uuguuaaagcaggcgacca,0.903
149,uguuaaagcaggcgaccac,1.002
150,ggcgaccacugugaucuua,0.556
151,cgaccacugugaucuuaga,0.433
152,ugaucuuagaauaucgaga,0.981
153,gaauaucgagacaaaugcu,0.792
154,aauaucgagacaaaugcug,0.952
155,aucgagacaaaugcugcca,0.996
156,acaaaugcugccauuacug,0.974
157,ugcugccauuacuguuaau,0.576
158,cuguuaauauuuggaugau,0.32
159,uaauauuuggaugauaaau,0.762
160,uuuggaugauaaauucuug,0.931
161,gauaaauucuuguuguaaa,0.488
162,auaaauucuuguuguaaau,0.744
163,uaaauucuuguuguaaaug,0.7
164,aauucuuguuguaaaugca,0.833
165,auucuuguuguaaaugcaa,0.684
166,cuuguuguaaaugcaaccu,0.866
167,uuguuguaaaugcaaccuu,0.83
168,guuguaaaugcaaccuuag,0.809
169,caaccuuaggugguuugaa,0.644
170,accuuaggugguuugaagg,0.945
171,ggugguuugaagggguagu,0.631
172,gugguuugaagggguaguc,0.876
173,uugaagggguagucuguag,0.949
174,ugaagggguagucuguagg,0.999
175,uagucuguaggaaaaugaa,0.85
176,gucuguaggaaaaugaauu,0.623
177,cuguaggaaaaugaauugu,0.762
178,uguaggaaaaugaauuguc,0.923
179,guaggaaaaugaauuguca,0.554
180,aaaagaauacaccgccuug,1.045
181,agaauacaccgccuugaua,0.995
182,cuugauaugggcugucauu,0.8
183,uugauaugggcugucauua,0.977
184,gggcugucauuagguccca,0.486
185,gcugucauuaggucccaua,0.444
186,ugucauuaggucccauaau,0.641
187,ggucccauaauuguggcuu,0.52
188,gucccauaauuguggcuug,0.352
189,ucccauaauuguggcuugc,0.758
190,cccauaauuguggcuugcc,0.602
191,uaauuguggcuugccaaug,1.003
192,uuguggcuugccaaugaaa,0.853
193,uguggcuugccaaugaaac,0.949
195,uggcuugccaaugaaacau,0.907
196,ggcuugccaaugaaacaua,0.447
197,gccaaugaaacauaucauc,0.661
198,caaugaaacauaucauccc,0.95
199,auaucauccccaacuggac,0.883
200,uaucauccccaacuggacc,0.937
201,ccccaacuggaccugcaga,0.329
202,cccaacuggaccugcagaa,0.5
203,gaccugcagaacauugugc,1.003
204,accugcagaacauugugcu,1.015
205,ccugcagaacauugugcug,0.878
206,cuuuguucaacaauggccg,0.765
207,guucaacaauggccgaaac,0.616
208,caauggccgaaacucuuuu,0.492
209,auggccgaaacucuuuucu,0.778
210,uggccgaaacucuuuucuc,0.827
211,cgaaacucuuuucucauau,0.463
212,aaacucuuuucucauauuc,0.787
213,acucuuuucucauauucuc,0.836
214,cucuuuucucauauucucg,0.735
215,ucuuuucucauauucucgu,0.842
216,auucucguuuguuuuccug,0.84
217,uuuguuuuccugauaaagc,0.804
218,uuuccugauaaagcugugc,0.838
219,uccugauaaagcugugcug,0.775
220,gauaaagcugugcugccug,0.751
221,aaagcugugcugccuggcu,0.714
222,agcugugcugccuggcuau,0.712
223,gcugugcugccuggcuauu,0.51
224,ugcugccuggcuauuggcu,0.759
225,ccuggcuauuggcuggacu,0.687
226,ggacuguuaggauucgguu,0.499
227,gacuguuaggauucgguuc,0.727
228,uuaggauucgguucaucca,0.743
229,aggauucgguucauccagc,0.815
230,gguucauccagcagagacu,0.531
231,uucauccagcagagacuga,0.624
232,auccagcagagacugaauu,0.608
233,cugaauugauguuaagaua,0.505
234,uuaagauagaagauacauc,0.847
235,auagaagauacaucauaug,0.839
236,auacaucauauguuggacu,0.836
237,auguuggacuccaucgauu,0.744
238,uguuggacuccaucgauuc,0.841
239,guuggacuccaucgauucu,0.648
240,uuggacuccaucgauucug,0.863
241,gacuccaucgauucugaag,0.722
242,cuccaucgauucugaagga,0.5
243,uccaucgauucugaaggau,0.772
244,cgauucugaaggauaucua,0.479
245,cugaaggauaucuaaacau,0.467
247,ugaaggauaucuaaacaua,0.635
248,ucuaaacauaugcuaccau,0.694
249,uaugcuaccaucagcauac,0.757
250,ccaucagcauacacauuug,0.626
251,ucagcauacacauuuggau,0.73
252,gcauacacauuuggaugaa,0.46
253,cacauuuggaugaaacauu,0.635
254,uuuggaugaaacauuuugg,0.846
255,ggaugaaacauuuuggaua,0.482
256,aaaaccuaacaguuggugg,0.697
257,aguuggugguuuauuugga,0.618
258,guuuauuuggauauucuuc,0.777
259,uuauuuggauauucuucag,0.801
260,uuuggauauucuucagaaa,0.825
261,uuggauauucuucagaaaa,0.853
262,uggauauucuucagaaaau,0.637
263,ucagaaaauucuauuacua,0.723
264,aaaauucuauuacuaguuu,0.475
265,aauucuauuacuaguuuaa,0.467
266,auuacuaguuuaaaaguac,0.862
267,aucuucaaaaggugucccu,0.781
268,cuucaaaaggugucccuuc,0.798
269,uucugguccaaauauaacu,0.79
270,ugguccaaauauaacugca,0.817
271,gguccaaauauaacugcau,0.532
272,aaauauaacugcauuccac,0.846
273,auauaacugcauuccacug,0.835
274,cauuccacugcaugauguu,0.55
275,uccacugcaugauguuguu,0.564
276,gcaugauguuguuuucaga,0.483
277,gauguuguuuucagauggu,0.508
278,uguuguuuucagauggugc,0.742
279,uuguuuucagauggugcgc,0.728
280,uucagauggugcgccacug,0.618
281,gccacugacacccacaggu,0.767
282,cacagguggguccucuugu,0.611
283,cucuuguaaccgcuugaaa,0.455
284,ucuuguaaccgcuugaaau,0.782
285,guaaccgcuugaaaucccg,0.851
286,ggagccgauguagccaccc,0.581
287,agccgauguagccaccccg,0.543
288,gauguagccaccccgcaug,0.677
289,gcauggagcgcugcacguu,0.612
290,uucugcucaaacagccgcc,0.766
291,aacagccgccgguuguucu,0.612
292,agccgccgguuguucugca,0.676
293,gccgccgguuguucugcag,0.641
294,uguucugcaggaccucugc,0.699
295,uucugcaggaccucugcgg,0.671
296,cugcaggaccucugcggcc,0.664
297,ugcaggaccucugcggccu,0.654
298,ucugcggccuccuuguuca,0.659
299,cugcggccuccuuguucag,0.686
300,cuccuuguucagugggucc,0.631
301,caguggguccucgggguug,0.628
302,cucgggguugggcuccaag,0.645
303,gggguugggcuccaagaag,0.613
304,ggguugggcuccaagaaga,0.561
305,guugggcuccaagaagaga,0.697
306,uugggcuccaagaagagau,0.771
307,agaagagauacugcaggcc,0.802
308,uacugcaggccauaaauua,0.67
309,ggccauaaauuauggaguu,0.497
310,aaauuauggaguuuaucgu,0.822
311,uggaguuuaucguaaggac,0.767
312,ggaguuuaucguaaggacu,0.606
313,guuuaucguaaggacuggc,0.685
314,aggacuggcuuccaguccu,0.541
315,aggauguugaggcagacgu,0.804
316,uugaggcagacguugcccu,0.795
317,cgaggucaauguuggggug,0.625
318,gaggucaauguugggguga,0.654
319,aauguuggggugauagacc,0.797
320,uguuggggugauagaccau,0.713
321,uuggggugauagaccauug,0.861
322,ggggugauagaccauuguc,0.618
323,uagaccauugucucacacu,0.921
324,cauugucucacacuucacc,0.817
325,caugcggguaacccuggcc,0.738
326,augcggguaacccuggccc,0.793
327,gcggguaacccuggcccac,0.564
328,guaacccuggcccaccuua,0.699
329,gcccaccuuaaaacugaac,0.539
330,ccuuaaaacugaacacaaa,0.511
331,acacaaacuucccacucuu,0.851
332,aaacuucccacucuuguag,0.873
333,acuucccacucuuguagaa,0.689
334,cuucccacucuuguagaag,0.759
335,ucuuguagaagcccucauc,0.827
336,uguagaagcccucaucagg,0.779
337,uagaagcccucaucaggac,0.803
338,cccucaucaggacagauga,0.575
339,ccucaucaggacagaugac,0.589
340,caucaggacagaugaccag,0.767
341,acagaugaccagcuugaag,0.77
342,gucgucuggaucugagaag,0.656
343,gucuggaucugagaagcug,0.793
344,gaucugagaagcugauauc,0.605
345,ucugagaagcugauaucac,0.703
346,gucuugggcagguucagcu,0.718
347,cuugggcagguucagcucg,0.719
348,uugggcagguucagcucgu,0.66
350,cguuuauguccuucuggau,0.564
351,gauccgcagcugcgccgcc,0.717
352,auccgcagcugcgccgccg,0.699
353,agcugcgccgccgacgccu,0.517
354,ccgacgccuucuugcugcu,0.53
355,gacgccuucuugcugcugc,0.61
356,cgccuucuugcugcugccc,0.589
357,gcugcccuuggugccgccc,0.649
358,uuggugccgcccgccgacu,0.736
359,uggugccgcccgccgacuc,0.53
360,ugccgcccgccgacuccuc,0.599
361,cccgccgacuccuccuccu,0.417
362,gacuccuccuccuucuucu,0.594
638,agaguauucuucagcuagg,0.639
639,aguauucuucagcuagguc,1.016
640,auucuucagcuaggucagc,0.701
641,cuucagcuaggucagcccg,0.613
642,ucagcuaggucagcccgaa,0.49
643,uaggucagcccgaagcggg,0.623
644,ggucagcccgaagcgggug,0.6
645,ucagcccgaagcgggugcu,0.376
646,gcccgaagcgggugcucag,0.517
647,cgaagcgggugcucaggcu,0.463
648,gaagcgggugcucaggcug,0.371
649,gucauucaccagugcuaug,0.809
650,ucauucaccagugcuauga,0.775
651,cauucaccagugcuaugag,0.771
652,gagggacuggauuacuugg,0.614
653,agggacuggauuacuuggu,0.873
654,cuggauuacuuggucgguu,0.666
655,gauuacuuggucgguuuug,0.562
656,auuacuuggucgguuuugg,0.846
657,acuuggucgguuuugguug,0.87
658,uggucgguuuugguugcug,0.6
659,cgguuuugguugcuggcuu,0.417
661,guuuugguugcuggcuucc,0.73
662,ugguugcuggcuuccaguu,0.718
663,uuucggcacuaauuacugg,0.828
664,cacuaauuacuggcagaca,0.517
665,acuaauuacuggcagacag,0.525
666,uaauuacuggcagacagac,0.91
667,aauuacuggcagacagacc,0.743
668,uacuggcagacagaccugc,0.527
669,ccugccccuuuucgucgau,0.32
670,ugccccuuuucgucgaugu,0.645
671,ccuuuucgucgauguuugg,0.594
672,cgucgauguuugggugaua,0.57
673,auguuugggugauagaucu,0.731
674,uuugggugauagaucuuug,0.828
675,gggugauagaucuuuguuu,0.501
676,auagaucuuuguuuuaaau,0.655
677,uuuuaaaugugaucuucgg,0.834
678,ugaucuucggugguuugaa,0.659
679,ucggugguuugaaugggua,0.718
680,uugaauggguacucugcug,0.9
681,ucugaaggcucccuuauca,1.099
682,cucccuuaucauauggagg,0.812
683,auauggaggguugucagga,0.697
684,ggaacaauaagcccuugcc,0.794
685,uaagcccuugccaagucaa,0.619
686,aagcccuugccaagucaau,0.587
687,agcccuugccaagucaaua,0.753
688,gccaagucaauaaauuagc,0.462
689,aauuagcuucaucaaccug,0.967
690,uuagcuucaucaaccugga,1.115
691,aucaaccuggauguuacgg,0.614
692,ugagcuguccccgguaccc,0.719
693,gagcuguccccgguacccu,0.772
694,gcuguccccgguacccucu,0.65
695,ccccgguacccucuuccug,0.747
696,uuccuguucuuucagcgcc,0.985
697,uucuuucagcgccuccucc,0.919
698,cagcgccuccuccguggcg,0.668
699,agcgccuccuccguggcgu,0.719
700,cguauuucuggauguacuc,0.776
701,ggauguacucuuuaauuuu,0.705
702,uguacucuuuaauuuucug,0.786
703,uaauuuucugcuuguauuc,0.931
704,uuuucugcuuguauucuuc,0.951
705,uucugcuuguauucuucug,0.777
706,ucugcuuguauucuucugg,1.039
707,cuuguauucuucuggucgg,0.864
708,guauucuucuggucggugg,0.825
709,ucuggucgguggagguaca,0.957
710,cgguggagguacauggcug,0.614
711,gguacauggcugcagcguc,0.553
713,acauggcugcagcgucacc,0.91
714,auggcugcagcgucaccau,0.866
715,ugagaggaucuaugggguu,0.494
716,gaggaucuaugggguuagg,0.669
717,gaucuaugggguuaggaua,0.502
718,gggguuaggauaggccaau,0.362
719,aggauaggccaauaacuga,0.666
720,aggcaggaaggacucaaau,0.482
721,ggaaggacucaaauauauu,0.416
722,gaaggacucaaauauauug,0.842
723,ggacucaaauauauuggua,0.486
724,caaauauauugguaagauc,0.783
725,aaauauauugguaagauca,0.684
726,uauauugguaagaucauag,1.1
727,uaagaucauagagagcugu,0.958
728,ucauagagagcuguccaag,0.81
729,cauagagagcuguccaagu,0.86
730,guuugauuaauuacaucua,0.465
731,ugauuaauuacaucuagac,1.058
732,acaucuagacacacaguuc,0.984
733,aucuagacacacaguuccu,1.001
734,agacacacaguuccugacg,0.999
735,auggaaaauuuuauucaug,0.64
736,uuuuauucaugaauccuau,1.064
737,uuuauucaugaauccuaua,0.679
738,auucaugaauccuauagau,0.953
739,auccuauagauggagauuu,0.964
740,uggagauuugaaaggguau,0.992
741,auuugaaaggguauuuauc,1.016
742,auuuaucagguagguccac,0.779
743,uuuaucagguagguccacu,1.084
744,gguagguccacucuaacuu,0.642
745,guagguccacucuaacuuu,0.5
746,acucuaacuuuccauacuc,0.836
747,auacuccgccuucauaugg,1.016
748,uccgccuucauaugguguu,0.678
749,cuucauaugguguuccuug,0.995
750,gguguuccuugugguccau,0.34
751,uguuccuugugguccauaa,0.917
752,gugguccauaaaacuucac,0.638
753,ugguccauaaaacuucacu,0.955
754,uccauaaaacuucacuaca,0.756
755,aaaacuucacuacaaauuc,0.967
756,ccucccaggaucguaaccu,0.841
757,cucccaggaucguaaccuc,0.573
758,cccaggaucguaaccucau,0.777
759,aaccucauguuuacucucg,0.98
760,ccucauguuuacucucgau,0.711
761,cucauguuuacucucgaug,0.702
762,ucauguuuacucucgauga,0.715
763,uuuggcaguaaaucgugua,0.929
765,ggcaguaaaucguguaggc,0.678
766,uaaaucguguaggccucug,0.838
767,guaggccucugcuugagcu,0.895
768,cugcuugagcugggucuug,0.758
769,ugggucuuggauauuuggu,0.839
770,gggucuuggauauuugguu,0.489
771,uauuugguucauuuagaag,0.888
772,cauuuagaaguuccuguau,0.521
773,aguuccuguauuccuaaua,0.719
774,uguauuccuaauaggaucu,0.904
775,guauuccuaauaggaucug,0.744
776,uaggaucuguuugauugug,0.874
777,cuguuugauugugauggcu,0.601
778,guuugauugugauggcugg,0.56
779,uggccuccaguccuugucc,0.859
780,uccaguccuuguccuccuc,0.705
781,ucuaagauggacaggcaca,0.76
782,aagauggacaggcacacug,0.801
783,agauggacaggcacacugu,0.592
784,ggacaggcacacugucccc,0.478
785,ggcacacuguccccgaagg,0.511
786,uccccgaaggguacacauu,0.596
787,cccgaaggguacacauucg,0.451
788,ggguacacauucgggugaa,0.496
789,uacacauucgggugaaaua,0.789
790,auucgggugaaauaauggu,0.883
791,gaaauaauggugguucgaa,0.591
792,aaauaauggugguucgaau,0.81
793,aauggugguucgaauuuac,0.892
794,uggugguucgaauuuacau,0.75
795,gugguucgaauuuacauuu,0.539
796,uucgaauuuacauuuuggu,0.864
797,uggcgaagauggauaauca,0.59
798,cgaagauggauaaucaucu,0.527
799,auggauaaucaucuuugaa,0.652
800,caucuuugaaaagcauccg,0.873
801,aaaagcauccguaguuuaa,0.502
802,agcauccguaguuuaaaca,0.681
803,auccguaguuuaaacaagc,0.922
804,cguaguuuaaacaagccuc,0.732
805,guaguuuaaacaagccucc,0.825
806,uaaacaagccuccuuccca,0.78
807,caagccuccuucccacgga,0.524
808,uccuucccacggagucccu,0.721
809,uucccacggagucccuuuc,0.893
810,ucccacggagucccuuucu,0.631
811,cccacggagucccuuucuu,0.456
812,cacggagucccuuucuuuc,0.531
813,gagucccuuucuuuccugg,0.549
814,ucccuuucuuuccuggaau,0.839
815,uuccuggaauggcgcacuc,0.726
817,gcacucccaguucaugagg,0.722
818,cacucccaguucaugaggu,0.588
819,acucccaguucaugagguu,0.345
820,caguucaugagguucaucg,0.782
821,uucaugagguucaucgugc,0.844
822,agguucaucgugccaucgg,0.818
823,gguucaucgugccaucggg,0.55
824,guucaucgugccaucggga,0.488
825,gacagccacgaaaccaaau,0.516
826,gccacgaaaccaaaugggu,0.569
827,ccacgaaaccaaaugggug,0.854
828,gaaaccaaauggguggucu,0.798
829,uucuuaucgcgcucgccag,0.824
830,uuaucgcgcucgccagcau,0.713
831,gccagcaugcuucuuggcc,0.572
832,gccaugggacccucagccc,0.457
833,ccaugggacccucagcccc,0.428
834,augggacccucagccccuc,0.45
835,ggccccagggucgguggag,0.44
836,agggucgguggaggaagcu,0.494
837,guggaggaagcuucagugc,0.585
838,aagcuucagugccacuggc,0.579
839,gugccacuggccagggccc,0.43
840,acuggccagggcccgaccg,0.415
841,ggccagggcccgaccggcu,0.43
842,gcccgaccggcuucggccc,0.364
843,cccgaccggcuucggcccu,0.491
844,uucggcccugccgcugggc,0.42
845,cguggaucucugugagcag,0.548
846,aucucugugagcagacggg,0.701
847,gugagcagacgggcccgag,0.55
848,acgggcccgagcugcauac,0.47
849,cgggcccgagcugcauacu,0.498
850,gggcccgagcugcauacuc,0.534
851,cccgagcugcauacuccuc,0.567
852,cugcauacuccucguaguu,0.4
853,auacuccucguaguucucc,0.563
854,ucguaguucuccaagagca,0.778
855,guaguucuccaagagcagg,0.707
856,uaguucuccaagagcaggc,0.76
857,ucuccaagagcaggcggcc,0.694
858,aggcggcccgccuccucgu,0.443
859,ccgccuccucguugagugc,0.485
860,ccucguugagugcagacuc,0.715
861,cucguugagugcagacucg,0.706
862,gagugcagacucgggguua,0.395
863,gacucgggguuagggugga,0.394
864,ggguggaucagcaggcacu,0.557
865,guggaucagcaggcacuug,0.635
866,gauggucagcaguacgugu,0.593
867,auggucagcaguacguguc,0.855
868,ggaugcccagcucagccgu,0.523
869,ccucuugagcacguugacg,0.631
870,ucuugagcacguugacgca,0.745
871,cuugagcacguugacgcag,0.678
872,guugacgcagaucucgcca,0.856
873,ucucgccauuggcgcccac,0.544
874,cauuggcgcccacguucgg,0.449
875,ccacguucggguggaagau,0.316
876,cguucggguggaagaucuu,0.604
877,ucuuggucaggaaguagcc,0.917
878,aggaaguagcccuugggug,0.815
879,ggaaguagcccuugggugg,0.547
880,aguagcccuugggugggga,0.489
881,agcccuuggguggggaggc,0.463
882,ggggaggcagggaaguccu,0.552
883,cagggaaguccuuccccag,0.404
884,agggaaguccuuccccagc,0.539
885,uuccccagcaggaguuuca,0.54
886,gaguuucaugcggaacaga,0.423
887,caugcggaacagaccucca,0.585
888,gaccuccagcauauggggu,0.499
889,ccagcauaugggguccccu,0.365
890,cauaugggguccccucagg,0.252
891,auaugggguccccucaggg,0.465
892,ggguccccucagggcccuc,0.446
893,ucagggcccucgaugguga,0.359
894,cagggcccucgauggugac,0.451
895,ugagguccuccucguuggg,0.54
896,gagguccuccucguuggga,0.357
897,agguccuccucguugggaa,0.416
898,guccuccucguugggaaag,0.339
899,ccucguugggaaagaccuu,0.53
900,ugggaaagaccuugaugcc,0.573
901,ggaaagaccuugaugccau,0.565
902,gaccuugaugccaucgggu,0.664
903,ccuugaugccaucgggugg,0.472
904,ugaugccaucggguggguc,0.617
905,gccaucgggugggucugcg,0.515
906,gggugggucugcggucagu,0.436
907,ugcggucagugucgucacc,0.887
908,uccgaaucggagggugaac,0.611
909,ccgaaucggagggugaacu,0.553
910,cggagggugaacucuucgg,0.626
911,gagggugaacucuucggca,0.599
912,gggugaacucuucggcauu,0.516
913,cuucggcauucuuucugaa,0.577
914,auucuuucugaacagcucc,1.077
915,aacagcuccggauucugug,0.978
916,acagcuccggauucugugu,0.854
917,agcuccggauucuguguca,0.548
918,gcuccggauucugugucag,0.796
920,gucagcaggucagcgaggu,0.586
921,gcaggucagcgagguccau,0.438
922,aggucagcgagguccaucc,0.805
923,ggucagcgagguccauccg,0.716
924,agcgagguccauccgcagg,0.818
925,gcgagguccauccgcaggg,0.597
926,gguccauccgcaggggcuc,0.559
927,ccauccgcaggggcucccu,0.601
928,ggggcucccugauauucgg,0.5
929,ugauauucggucuauucac,0.899
930,cggucuauucaccagcaca,0.59
931,cuauucaccagcacauuga,0.691
932,gcacauugagggccuccag,0.482
933,acauugagggccuccagga,0.742
934,ccuccaggacuuggcaagu,0.318
935,uggcaagucuuggugcaag,0.896
936,ucuuggugcaaggcuucca,0.777
937,uggugcaaggcuuccaguu,0.778
938,cuuccaguucucacugcug,0.749
939,uccaguucucacugcugau,0.829
940,ccaguucucacugcugaug,0.657
941,caguucucacugcugauga,0.613
942,ucucacugcugaugauggg,0.74
943,gaugaugggcaggcaaauc,0.713
944,cucguccacguuggggugg,0.676
945,ucguccacguugggguggu,0.649
946,cguccacguugggguggua,0.374
947,uccacguuggggugguaga,0.53
948,uggggugguagaucuuggu,0.908
949,ggggugguagaucuugguu,0.436
950,gugguagaucuugguugug,0.458
951,guagaucuugguugugaau,0.51
952,gaucuugguugugaauuug,0.859
953,uugugaauuugaucauggg,0.952
954,uugaucaugggaggcuuga,0.867
955,ugaucaugggaggcuugaa,0.712
956,ggaggcuugaacggauacu,0.537
957,aggcuugaacggauacucc,0.846
958,acggauacuccggcgggaa,0.43
959,cggauacuccggcgggaag,0.381
960,acuccggcgggaagcugau,0.523
961,gggaagcugaugcgcaggu,0.709
962,ggaagcugaugcgcagguu,0.516
963,ugcgcagguugaaggcuuu,0.698
964,guagggagguuggucgggu,0.64
965,gggagguuggucggguagg,0.556
966,gagguuggucggguaggag,0.635
967,gguuggucggguaggagga,0.495
968,uuggucggguaggaggaga,0.799
969,gucggguaggaggagagcg,0.737
970,gguaggaggagagcgugcc,0.625
972,uaggaggagagcgugccac,0.969
973,aggagagcgugccacacca,0.895
974,gagcgugccacaccaggac,0.742
975,caggacauuggcaucaucg,0.971
976,aggacauuggcaucaucgc,1.072
977,ggacauuggcaucaucgcu,0.873
978,ggcaucaucgcuggacagg,0.776
979,cgcuggacagguuccgcag,0.761
980,cuggacagguuccgcaggu,0.738
981,acagguuccgcagguaugg,0.883
982,auuucucuuuguguuggau,0.691
983,uucucuuuguguuggauga,0.93
984,cucuuuguguuggaugacg,0.863
985,uuguguuggaugacgcccu,1.071
986,cccuucugaaucagaucag,0.732
987,ugaaucagaucagggauuu,0.81
988,ucagggauuuccacugcca,0.714
989,agggauuuccacugccagc,0.485
990,acugccagccauggaccca,0.352
991,cugccagccauggacccag,0.605
992,uggacccagccccagagcc,0.699
993,agccccagagccaugagau,0.538
994,agccaugagaugagcuagu,0.538
995,ccaugagaugagcuagucc,0.617
996,uccaaauuugggcacauuc,0.679
997,auuugggcacauuccuggc,0.772
998,auuccuggcccacaaaggu,0.569
999,acaaagguuugaaaugauc,0.988
1000,aagguuugaaaugauccgu,1.06
1001,agguuugaaaugauccguc,1.227
1002,guuugaaaugauccgucag,0.657
1003,uugaaaugauccgucaggc,1.173
1004,ccgucaggcauauuuugcc,0.999
1005,ugccaccccuguacaucuu,0.623
1006,caccccuguacaucuuugc,1.081
1007,ccuguacaucuuugcuguc,0.501
1008,uguacaucuuugcugucuu,1.126
1009,aucuuugcugucuuuccau,0.699
1010,cuuugcugucuuuccaucc,1.026
1011,ucuuuccauccagcucagg,1.201
1012,cauccagcucaggaacugc,0.801
1013,ccagcucaggaacugcaau,0.616
1014,gaacugcaauuucuggggc,0.617
1015,aacugcaauuucuggggca,0.449
1016,ugcaauuucuggggcagua,0.522
1017,uggggcaguaguaggauau,0.782
1018,caguaguaggauaugugau,0.692
1019,auaugugauaggaauguca,1.146
1020,gauaggaaugucaaacucg,0.957
1021,ucaaacucgaugucaaacu,1.216
1022,gaugucaaacucauauuuc,0.669
1024,augucaaacucauauuuca,0.753
1025,aacucauauuucaggaggu,0.435
1026,caggaggucauggauauac,0.96
1027,ggaggucauggauauacca,0.314
1028,auauaccagcauuuuccaa,0.568
1029,uuuccaaaccaccgaguuc,0.977
1030,ccaaaccaccgaguuccuu,0.322
1031,aaccaccgaguuccuuccu,0.618
1032,guuccuuccuuguuggacu,0.835
1033,cuuccuuguuggacuccag,0.663
1034,uggacuccagucggaacca,0.719
1035,ucggaaccaaucguuguca,0.761
1036,ggaaccaaucguugucagc,0.78
1037,cguugucagcauucuuguu,0.433
1038,uugucagcauucuuguugu,0.864
1039,cauucuuguuguucuccac,0.689
1040,guuguucuccacauaccgg,0.723
1041,ucuccacauaccggauaag,0.784
1042,acauaccggauaagggacu,0.746
1043,cauaccggauaagggacug,0.788
1044,auaccggauaagggacuga,0.889
1045,uaccggauaagggacugau,0.991
1046,cugauauuccuccuucagu,0.752
1047,auauuccuccuucagucgc,1.066
1048,uauuccuccuucagucgcu,0.931
1049,auuccuccuucagucgcug,1.005
1050,uccuucagucgcugcaccc,0.859
1051,agucgcugcacccacaacu,0.804
1052,ucacgaucucgggguccgg,0.566
1053,uuucuuuucuaugccuacu,1.016
1054,cuuuucuaugccuacuagc,1.06
1055,uacuagcugacuggccuuc,0.919
1056,ccuuccuuuucuguguuga,0.655
1057,uguugaguuguguacucug,0.83
1058,uuguguacucuggagucac,1.08
1059,guguacucuggagucacca,0.803
1060,gucaccagccucugguaga,0.635
1061,ucaccagccucugguagau,0.97
1062,cucugguagauuaucaagc,1.01
1063,agauuaucaagcaucucuu,0.994
1064,gauuaucaagcaucucuuc,0.859
1065,uuaucaagcaucucuuccu,1.13
1066,aucaagcaucucuuccuca,0.916
1067,caagcaucucuuccucauc,0.951
1068,gcaucucuuccucaucagc,0.738
1069,uuucugucuugcaugcuuc,0.971
1070,cuguccacugucuggcauu,0.775
1071,guccacugucuggcauucu,0.95
1072,ucuggcauucuugaggaag,0.76
1073,auuauauuuaaauucugag,0.859
1074,uuaaauucugaggauaugu,1.14
1076,agccaugagcgggucauca,0.756
1077,ccaugagcgggucaucagg,0.835
1078,caugagcgggucaucaggg,0.912
1079,augagcgggucaucagggu,1.007
1080,gggucaucaggguuggguu,0.527
1081,uggguucugacaugagcag,1.045
1082,gguucugacaugagcagcu,0.794
1083,gcagcugaauagaggucaa,0.492
1084,uagaggucaacacaguugc,1.145
1085,ggucaacacaguugcgaug,0.848
1086,aacacaguugcgauguuga,1.026
1087,acaguugcgauguugaggg,1.062
1088,gggauggucuccaagcacc,0.804
1089,ggauggucuccaagcaccu,0.656
1090,gauggucuccaagcaccuu,0.605
1091,gucuccaagcaccuuuugg,0.849
1092,agcaccuuuugguggcaau,0.438
1093,cuuuugguggcaauuugag,0.685
1094,ugguggcaauuugagaaca,0.533
1095,ggcaauuugagaacaucca,0.719
1096,caauuugagaacauccaga,0.808
1097,gagaacauccagacaaauc,0.75
1098,aacauccagacaaauccuu,0.799
1099,cauccagacaaauccuucc,0.961
1100,gacaaauccuuccagcaga,0.878
1101,aauccuuccagcagaauca,0.954
1102,aaucaauguuuggaugaua,0.674
1103,uguuuggaugauaaauugg,1.013
1104,uuuggaugauaaauuggag,1.071
1105,ggaugauaaauuggaguga,0.568
1106,aaauuggagugagaaaucg,1.068
1107,auuggagugagaaaucgga,1.093
1108,aaaucggaucugaggaggu,1.004
1109,ucggaucugaggagguuca,1.051
1110,cggaucugaggagguucaa,0.565
1111,gagguucaaauggguaccu,0.631
1112,uucaaauggguaccucuca,0.874
1113,caaauggguaccucucagg,0.785
1114,auggguaccucucaggaau,1.141
1115,accucucaggaaugauaac,0.754
1116,cucucaggaaugauaacuu,0.794
1117,augauaacuucuagcuuaa,0.899
1118,aaaacaccuuucucauaag,0.925
1119,ccuuucucauaaggugugu,0.747
1120,guguuggcuccaccuaaua,0.574
1121,cuccaccuaauauuugagc,0.871
1122,caccuaauauuugagcucg,0.9
1123,accuaauauuugagcucgc,0.716
1124,uaauauuugagcucgcagg,1.021
1125,auauuugagcucgcagguc,1.008
1126,ucgcaggucauccauuugg,0.953
1128,gucauccauuuggucuuua,0.632
1129,ggucuuuaucuugccaaca,0.758
1130,cuugccaacaugugaugcc,0.873
1131,ugccaacaugugaugccug,0.908
1132,accauuuuguuuucuuugg,1.013
1133,uuuguuuucuuuggauucu,1.057
1134,uuucuuuggauucuuguua,1.146
1135,uucuuguuacauguucgca,1.039
1136,ucuuguuacauguucgcac,1.252
1137,uuguuacauguucgcacau,0.887
1138,aaaagaauuauccgguggu,0.967
1139,aaagaauuauccggugguc,0.964
1140,uauccgguggucgucucuu,0.827
1141,uggucgucucuuuuccuug,1.098
1142,ggucgucucuuuuccuugc,1.121
1143,uuuccuugcagcuggaaag,1.03
1144,uccuugcagcuggaaagca,1.103
1145,agcuggaaagcaugcuaau,0.675
1146,ggaaagcaugcuaauaaug,0.932
1147,aaagcaugcuaauaaugcu,0.848
1148,aaugcuaagacaaacugau,1.07
1149,augcuaagacaaacugauu,1.042
1150,cuaagacaaacugauugga,0.85
1151,agacaaacugauuggacug,1.215
1152,cugauuggacugagagcgc,1.088
1153,gagagcgcuggggaccagu,0.931
1154,gcgcuggggaccagucuuc,0.805
1155,cgcuggggaccagucuucu,0.884
1156,ggggaccagucuucuguua,0.647
1157,ggaccagucuucuguuaga,0.733
1158,agucuucuguuagaaugga,0.641
1159,ucuucuguuagaauggaua,0.839
1160,cuguuagaauggauaaaca,0.662
1161,uuagaauggauaaacagau,0.966
1162,uagaauggauaaacagaua,0.859
1163,ugaccauugcuauaaacau,0.962
1164,uugcuauaaacaugaggau,1.043
1165,gcuauaaacaugaggauga,0.788
1166,uauaaacaugaggaugaac,1.054
1167,uaaacaugaggaugaacag,1.126
1168,aacaugaggaugaacagga,1.083
1169,acaugaggaugaacaggaa,0.73
1170,augaggaugaacaggaaua,1.04
1171,ggaugaacaggaauauuuu,0.535
1172,ugaacaggaauauuuucac,0.82
1173,aacaggaauauuuucacca,1.151
1174,acaggaauauuuucaccag,1.078
1175,aggaauauuuucaccagua,0.944
1176,gaauauuuucaccaguaaa,0.912
1177,uucaccaguaaacaugacc,1.032
1178,gaccugaggagagucaaaa,0.95
1180,cugaggagagucaaaagga,0.784
1181,gagagucaaaaggauaucg,0.857
1182,agagucaaaaggauaucga,0.747
1183,agucaaaaggauaucgacu,0.814
1184,caaaaggauaucgacuacu,1.235
1185,uaucgacuacuaaauuuaa,0.799
1186,aucgacuacuaaauuuaaa,0.88
1187,gacuacuaaauuuaaauag,0.835
1188,cuaaauuuaaauagaaguu,0.961
1189,uuaaauagaaguugaaauu,0.975
1190,uuccccuucauauaaggua,1.111
1191,auauaagguaccuggugca,0.78
1192,uaagguaccuggugcaccu,0.932
1193,uaccuggugcaccuuccau,0.861
1194,cuggugcaccuuccauguc,0.949
1195,ggugcaccuuccaugucua,0.389
1196,caugucuacaauccacugu,1.104
1197,augucuacaauccacugug,1.152
1198,ugucuacaauccacugugu,0.993
1199,ucuacaauccacuguguaa,0.926
1200,uacaauccacuguguaauu,1.118
1201,cacuguguaauugaauuuu,0.768
1202,guguaauugaauuuugaac,0.736
1203,auugaauuuugaacacucu,1.091
1204,uugaauuuugaacacucuu,1.135
1205,aauuuugaacacucuucuc,1.156
1206,cucuucucauuuaagguca,0.75
1207,ucuucucauuuaaggucau,0.689
1208,cucauuuaaggucauucca,0.964
1209,uuuaaggucauuccaggag,1.003
1210,uuaaggucauuccaggagg,0.993
1211,aauauguauucguuugcca,1.1
1212,uguauucguuugccagaua,0.916
1213,auucguuugccagauauau,0.959
1214,auucgucggaauauaagag,0.988
1215,cugccaaugccaaagucag,0.764
1216,ggaugacaaucaguacagc,0.624
1217,caguacagcugacccacca,0.834
1218,gguugucucuuggcuggug,0.558
1219,uuggcugguggcccuggau,0.76
1220,acaucuggugaaguagaca,0.731
1221,gaaguagacaaccuucucu,0.788
1222,acucugcugcugggcccgg,0.474
1223,cugcugcugggcccggcgc,0.353
1224,uucuuagcuacagguuggg,0.785
1225,agguuggguagguugauga,0.479
1226,uggguagguugaugaaagg,0.562
1227,uggccguagcacccuggaa,0.751
1228,gguauaucaucuuguaaau,0.476
1229,uuguaaaucaguuagugaa,0.675
1230,agugguuuaagucugacuc,0.887
1232,uuccagaugaauugacuuc,0.753
1233,uccagaugaauugacuucu,0.796
1234,ccagaugaauugacuucug,0.605
1235,cagaugaauugacuucugc,0.544
1236,cugccuuaaagcuuauuug,0.56
1237,guucuuuggcuucuugguc,0.567
1238,ucuuuggcuucuuggucag,0.731
1239,gcuuccagauuuuaaaggc,0.504
1240,uuccagauuuuaaaggcaa,0.705
1241,uccagauuuuaaaggcaac,0.552
1242,gcaagugcucuucuuuccu,0.707
1243,aaccuauggcucccucucc,0.61
1244,uggcucccucuccuuuugu,0.417
1245,cccucuccuuuuguuggca,0.287
1246,ugauggcuaauaaugcugu,0.547
1247,uggcuaauaaugcuguccu,0.748
1248,uaaugcuguccuuauacuc,0.914
1249,aggaugauggccugagaug,0.647
1250,augauggccugagaugcuc,0.641
1251,uggccugagaugcucaaac,0.726
1252,ccugagaugcucaaacaga,0.56
1253,cccacuucaaaucgaccau,0.563
1254,cacuucaaaucgaccauua,0.463
1255,aaucgaccauuagccguua,0.84
1256,uaaugcuuggugguuucau,0.681
1257,caugggauacucugguggc,0.536
1258,acuauccgcccgugauaaa,0.518
1259,acuccuccaucaaaaucgg,0.48
1260,ggcugcgcaugguaaugau,0.552
1261,gagcugucuguuugaacau,0.646
1262,cugucuguuugaacauuuc,0.766
1263,ucuguuugaacauuucggg,0.927
1264,uuugaacauuucgggauuu,0.738
1265,uuucgggauuuuguuugua,0.661
1266,uucgggauuuuguuuguac,0.739
1267,cgggauuuuguuuguacug,0.701
1268,uuguuuguacugauuugcu,0.778
1269,uuguacugauuugcuacua,0.879
1270,uguacugauuugcuacuac,0.921
1271,acugauuugcuacuacagc,0.874
1272,gauuugcuacuacagcauc,0.655
1273,uuugcuacuacagcauccu,0.921
1274,uugcuacuacagcauccug,0.93
1275,ugcuacuacagcauccugu,0.899
1276,cuacagcauccuguggauc,0.676
1277,agcauccuguggaucaucu,0.68
1278,cauccuguggaucaucugg,0.667
1279,auccuguggaucaucuggc,0.749
1280,uguggaucaucuggcucug,0.825
1281,aucuggcucugcagcugcc,0.818
1282,uggcucugcagcugccaau,0.85
1284,cucugcagcugccaauagu,0.62
1285,uagugcuugcaaugacaau,0.854
1286,agugcuugcaaugacaaua,0.892
1287,ugacaauaauaccgugcgg,0.633
1288,auaccgugcggagagucau,0.857
1289,ugcggagagucauugcagc,0.871
1290,ggagagucauugcagcugc,0.474
1291,gagagucauugcagcugcc,0.576
1292,gagucauugcagcugccca,0.442
1293,auugcagcugcccauugau,0.484
1294,gcugcccauugaucuuuca,0.573
1295,cugcccauugaucuuucag,0.792
1296,ucuuucaggauauccaaac,0.871
1297,cuuucaggauauccaaaca,0.587
1298,uucaggauauccaaacaaa,0.789
1299,uauccaaacaaauagcccc,0.812
1300,auccaaacaaauagccccu,0.71
1301,aauagccccugugacggaa,0.555
1302,ugacggaacuaauauuagg,0.749
1303,acggaacuaauauuaggau,0.532
1304,aacuaauauuaggaugcca,0.616
1305,uauuaggaugccauauuuu,0.673
1306,uaggaugccauauuuuagu,0.76
1307,cauauuuuagugauaaacc,0.812
1308,uauuuuagugauaaaccgg,0.897
1309,auuuuagugauaaaccgga,0.73
1310,auuaaauggguauguuucu,0.723
1311,uaaauggguauguuucugg,0.724
1312,auggguauguuucugguau,0.763
1313,uuuuaucucuaguugguau,0.785
1314,ucuaguugguaucuuccuc,0.793
1315,uaguugguaucuuccuccu,0.754
1316,aguugguaucuuccuccuu,0.681
1317,uugguaucuuccuccuuca,0.827
1318,cuuccuccuucauauggug,0.695
1319,cuccuucauaugguguguc,0.642
1320,uccuucauauggugugucu,0.81
1321,ccuucauauggugugucug,0.728
1322,uucauauggugugucugga,0.739
1323,cauauggugugucuggagg,0.669
1324,uggugugucuggagguccu,0.746
1325,ugucuggagguccugcuau,0.698
1326,gucuggagguccugcuauu,0.561
1327,ucuggagguccugcuauuu,0.654
1328,agguccugcuauuucuccu,0.694
1329,gguccugcuauuucuccuc,0.548
1330,cuauuucuccucuuaauuc,0.742
1331,uccucuuaauucuguaaaa,0.476
1332,uguaaaauucucaucuaca,0.895
1333,guaaaauucucaucuacaa,0.551
1334,uaaaauucucaucuacaag,0.913
1336,aaaauucucaucuacaaga,0.844
1337,aaauucucaucuacaagau,0.813
1338,uucucaucuacaagaucua,0.857
1339,cucaucuacaagaucuacu,0.882
1340,ucaucuacaagaucuacuu,0.889
1341,cuacaagaucuacuuuaau,0.458
1420,uagccuaguccaugcucua,0.738
1421,uccaugcucuagcuguuuc,1.003
1422,augcucuagcuguuucuau,0.918
1423,ugcucuagcuguuucuaug,0.953
1424,cuagcuguuucuauggcuu,0.904
1425,gcuguuucuauggcuuggg,0.602
1426,uguuucuauggcuugggcu,0.917
1427,guuucuauggcuugggcuu,0.611
1428,uuucuauggcuugggcuuc,0.903
1429,uucuauggcuugggcuucg,0.841
1430,ucuauggcuugggcuucgu,0.775
1431,uauggcuugggcuucguug,0.94
1432,uugggcuucguuggucuuc,0.854
1433,cuucguuggucuuccacug,0.78
1434,ggucuuccacugcuccgcu,0.439
1435,gucuuccacugcuccgcua,0.402
1436,cugcuccgcuacaucauuu,0.432
1437,ugcuccgcuacaucauuug,0.642
1438,gcuccgcuacaucauuugc,0.498
1440,cgcuacaucauuugcuaau,0.342
1441,gcuacaucauuugcuaaug,0.302
1442,cuacaucauuugcuaaugg,0.779
1443,caucauuugcuaauggauc,0.613
1444,aucauuugcuaauggauca,0.702
1445,ugcuaauggaucaucugga,0.859
1446,uggaucaucuggauuggga,0.784
1447,ggaucaucuggauugggag,0.587
1448,gauagcagaacugugcgga,0.635
1449,auagcagaacugugcggau,0.542
1450,cagaacugugcggaucugc,0.863
1451,aucugcagugcuggggacc,0.622
1452,cugcagugcuggggaccac,0.594
1453,gcagugcuggggaccacuu,0.482
1454,ggggaccacuuaucuuuca,0.345
1455,gaccacuuaucuuucaaaa,0.355
1456,cuuaucuuucaaaauaucu,0.571
1457,uuaucuuucaaaauaucua,0.806
1458,uaucuuucaaaauaucuag,0.856
1459,uuucaaaauaucuagacau,0.759
1460,cuagacauauucuucccaa,0.528
1461,uucuucccaacuugucuac,0.94
1462,uucccaacuugucuacauu,0.938
1463,ccaacuugucuacauuagg,0.694
1464,uugucuacauuaggaugau,0.464
1465,cuacauuaggaugauaaau,0.492
1466,uaggaugauaaauuuuggu,0.816
1467,aaauuuuggucaugaaacg,1.0
1468,aauuuuggucaugaaacgu,0.921
1469,gucaugaaacguacuuuag,0.795
1470,uuaggggcugccauugggu,0.64
1471,ggcugccauuggguauucu,0.447
1472,ggguauucuucuggaagga,0.369
1473,uauucuucuggaaggaaua,0.83
1474,cuucuggaaggaauaguuc,0.875
1475,cuggaaggaauaguucaag,0.848
1476,uggaaggaauaguucaagu,0.961
1477,gaaggaauaguucaaguuu,0.436
1478,ggaauaguucaaguuuaaa,0.299
1479,aguucaaguuuaaaagucc,0.872
1480,aaaagucccucccucaaag,0.706
1481,gaauccugagggccagcaa,0.502
1482,gagggccagcaaugaccac,0.541
1483,gggccagcaaugaccacau,0.471
1484,gccagcaaugaccacauga,0.506
1485,ccagcaaugaccacaugaa,0.395
1486,cagcaaugaccacaugaaa,0.398
1487,gcaaugaccacaugaaaau,0.471
1488,acaugaaaauaacgggcgu,0.624
1489,augaaaauaacgggcguug,0.871
1490,gggcguugcucucaucugg,0.658
1492,ugcucucaucugguucggc,0.826
1493,cucucaucugguucggcuu,0.883
1494,aucugguucggcuuugaug,0.847
1495,ugguucggcuuugaugcca,0.816
1496,cggcuuugaugccaggaac,0.782
1497,gcuuugaugccaggaacug,0.614
1498,uuugaugccaggaacuggu,0.974
1499,ugaugccaggaacugguuc,0.36
1500,gaugccaggaacugguucu,0.607
1501,uuuucuuacacagcgggca,0.943
1502,cuuacacagcgggcaacuu,0.79
1503,uuacacagcgggcaacuuu,0.939
1504,gggcaacuuuucuuuuaaa,0.435
1505,acuuuucuuuuaaauucuc,0.564
1506,uuuucuuuuaaauucucca,0.742
1507,aaauucuccauuucuaucu,1.02
1508,uuucuaucuucccuccauu,0.859
1509,uucccuccauucuuucgca,0.727
1510,cccuccauucuuucgcagc,0.638
1511,ccuccauucuuucgcagca,0.344
1512,ucuuucgcagcaucaacau,1.042
1513,cuuucgcagcaucaacauu,0.935
1514,cagcaucaacauuagcagg,0.975
1515,agcaucaacauuagcaggu,0.939
1516,aacauuagcaggugagucu,0.811
1517,gcaggugagucuccauuag,0.719
1518,ugagucuccauuagggucu,0.898
1519,agggucugccagcauagaa,0.61
1520,ccagcauagaaaugacacu,0.476
1521,agcauagaaaugacacuaa,0.54
1522,auagaaaugacacuaauca,0.785
1523,gacacuaaucaugaugguu,0.654
1524,acacuaaucaugaugguuu,0.669
1525,acuaaucaugaugguuucc,0.544
1526,augaugguuuccacagugu,0.893
1527,gaugguuuccacagugugg,0.861
1528,augguuuccacagugugga,0.853
1529,gguuuccacaguguggaua,0.412
1530,uccacaguguggauaggga,0.621
1531,ccacaguguggauagggag,0.629
1532,guguggauagggagccagc,0.64
1533,gggagccagcguuccucug,0.425
1534,agccagcguuccucuggcu,0.378
1535,gccagcguuccucuggcuu,0.359
1536,cagcguuccucuggcuuuu,0.326
1537,gcguuccucuggcuuuuca,0.359
1538,uccucuggcuuuucauaac,0.493
1539,ucuggcuuuucauaaccau,0.392
1540,cuggcuuuucauaaccaua,0.318
1541,uuuucauaaccauacuuau,0.693
1542,uuucauaaccauacuuauc,0.877
1544,ccauacuuaucuuccccag,0.55
1545,uacuuaucuuccccaggcu,0.786
1546,uaucuuccccaggcucaug,0.76
1547,aucuuccccaggcucauga,0.764
1548,ggcucaugaagaauagaaa,0.295
1549,aauagaaaugcacacauca,0.748
1550,uagaaaugcacacaucacc,0.947
1551,agaaaugcacacaucacca,0.85
1552,uuuuaucaacauuugggug,0.731
1553,ucaacauuugggugccaga,0.734
1554,aacauuugggugccagauu,0.734
1555,gugccagauuucuguaaug,0.501
1556,auuucuguaaugaauuuca,0.616
1557,uaaugaauuucauuuuagg,0.696
1558,augaauuucauuuuaggag,0.879
1559,gaauuucauuuuaggaggu,0.395
1560,auuuuaggaggucggaggg,0.624
1561,gaggucggaggggauaauc,0.847
1562,aggucggaggggauaaucu,0.842
1563,caccuucauaaaguguauc,0.66
1564,accuucauaaaguguaucu,0.787
1565,uaaaguguaucuggagggc,0.752
1566,guguaucuggagggccaau,0.361
1567,ggagggccaauaauaagga,0.447
1568,ggccaauaauaaggacuuc,0.876
1569,gccaauaauaaggacuucc,0.71
1570,uaaggacuucccaucggua,0.931
1571,ggacuucccaucgguagag,0.683
1572,acuucccaucgguagagau,0.677
1573,ccaucgguagagaucauug,0.867
1574,aucgguagagaucauuguc,1.032
1575,cgguagagaucauugucau,0.405
1576,uugucaucuauuaaaccug,0.975
1577,caucuauuaaaccugcaga,0.606
1578,ucuauuaaaccugcagaaa,0.517
1579,uuaaaccugcagaaaagcc,0.833
1580,gaaaagccuuccacuggau,0.654
1581,cacugucuggcuauccugu,0.552
1582,cugucuggcuauccugucg,0.78
1583,ugucguguucugcucuguu,0.769
1584,ucguguucugcucuguugg,0.888
1585,guuggucaaauacugagug,0.871
1586,uggucaaauacugaguggc,0.909
1587,ucaaauacugaguggcuau,0.887
1588,gcuuccaaccagaggaucc,0.598
1589,uccaaccagaggauccgca,0.758
1590,cagaggauccgcaggguug,0.563
1591,ggauccgcaggguugcagu,0.711
1592,ggguugcagucugucaaaa,0.503
1593,cugucaaaagggaacaaau,0.478
1594,ugucaaaagggaacaaaua,0.452
1596,aaaagggaacaaauagaca,0.86
1597,agggaacaaauagacagca,0.734
1598,acaaauagacagcaaaacc,0.948
1599,auagacagcaaaaccuuug,0.924
1600,gcaaaaccuuugaaauagu,0.343
1601,aaauagucaaagcgggacu,0.567
1602,auagucaaagcgggacucc,0.692
1603,agucaaagcgggacuccag,0.72
1604,gggacuccaguugucuuua,0.438
1605,acuccaguugucuuuaagg,0.589
1606,ggauguccagacagaugac,0.438
1607,uguccagacagaugacucc,0.756
1608,cagacagaugacucccuga,0.49
1609,agacagaugacucccugac,0.834
1610,agaugacucccugacuguu,0.585
1611,augacucccugacuguuga,0.747
1612,ugacucccugacuguugau,0.705
1613,acucccugacuguugaugu,0.699
1614,cccugacuguugauguugc,0.661
1615,cuguugauguugcagugau,0.697
1616,agugauagauucuggugcg,0.734
1617,gauagauucuggugcggaa,0.425
1618,gauucuggugcggaaagua,0.492
1619,ucuggugcggaaaguaacc,0.914
1620,ggugcggaaaguaaccuuu,0.507
1621,cggaaaguaaccuuuggug,0.588
1622,aaccuuugguggcuuaaau,0.642
1623,ugguggcuuaaauggauaa,0.287
1624,gcuuaaauggauaaucuga,0.382
1625,cugaugaaaaugugauauc,0.576
1626,ugaaaaugugauauccaga,0.688
1627,aaaacacaccaccuucaua,0.501
1628,acaccaccuucauauacag,0.368
1629,cagaacccgguggaccaag,0.684
1630,uggaccaaguauaguugau,0.595
1631,gaccaaguauaguugaucu,0.528
1632,uauaguugaucuccauuca,0.905
1633,auucauaaauguuaucucc,0.758
1634,ucauaaauguuaucuccuu,0.52
1635,uaucuccuuuaggcccagc,0.672
1636,uccuuuaggcccagcacug,0.732
1637,aggcccagcacugcaauua,0.473
1638,ccagcacugcaauuaggag,0.511
1639,gcacugcaauuaggaggag,0.343
1640,cacugcaauuaggaggagg,0.626
1641,auuaggaggaggaucaagg,0.816
1642,aucaaggguuauuucagcu,0.82
1643,gguuauuucagcuagcucc,0.805
1644,uauuucagcuagcuccuuc,0.885
1645,uucagcuagcuccuucuga,0.874
1646,cagcuagcuccuucugaau,0.423
1648,agcuagcuccuucugaauu,0.712
1649,uucugaauucuuuuagcac,0.815
1650,acuaguggauaacuuagca,0.828
1651,gcagugguuuugcuagaga,0.359
1652,gugguuuugcuagagaguu,0.524
1653,guuuugcuagagaguuugg,0.698
1654,uuugcuagagaguuuggug,0.842
1655,uugcuagagaguuuggugu,0.901
1656,cuggguggcagaagguuuu,0.321
1657,ucuuuccucuuguucuuca,0.893
1658,uccucuuguucuucaggcu,0.89
1659,uggagcggcugggucucgc,0.692
1660,cggcugggucucgcugguc,0.547
1661,cgcaucugaacugccacug,0.53
1662,guccuucgggcggcugagg,0.552
1663,ccuucgggcggcugaggga,0.466
1664,uuucauauuuucuuuagac,0.753
1665,uucuuuagacaucauuagg,0.951
1666,ucuuuagacaucauuaggc,0.945
1667,agacaucauuaggcgccga,0.788
1668,uuaggcgccgaagcucuug,0.841
1669,uaggcgccgaagcucuugc,0.826
1670,cgaagcucuugcaggacaa,0.519
1671,cucuugcaggacaacuuug,0.715
1672,ucuugcaggacaacuuuga,0.898
1673,ggacaacuuugaugcuaua,0.47
1674,acaacuuugaugcuauaug,0.777
1675,caacuuugaugcuauauga,0.49
1676,cuuugaugcuauaugaauu,0.7
1677,ugaugcuauaugaauucug,0.9
1678,gaugcuauaugaauucugc,0.82
1679,ugcuauaugaauucugcca,0.897
1680,gaauucugccauuuugcua,0.63
1681,uucugccauuuugcuagca,0.714
1682,ugccauuuugcuagcacug,0.875
1683,uugcuagcacugauauggc,0.921
1684,gcuagcacugauauggcuc,0.909
1685,cuagcacugauauggcucu,0.903
1686,uagcacugauauggcucuu,0.844
1687,uauggcucuuggguccacc,0.841
1688,uuggguccaccacuccauu,0.835
1689,ccaccacuccauuagaacu,0.568
1690,guuacaaaucuuacaaagg,0.638
1691,gguccacauucuauuuuaa,0.388
1692,uauuuuaaggcuguauauu,0.829
1693,uuuuaaggcuguauauucg,0.894
1694,uaaggcuguauauucgguu,0.961
1695,cauaaauuguucuuggagg,0.631
1696,auaaauuguucuuggaggc,0.765
1697,aauuguucuuggaggccca,0.571
1698,ggaggcccaauuaucaucc,0.705
1700,uuaucaucccuguccaucu,0.9
1701,caucccuguccaucuugua,0.527
1702,ucaugucuucgucaucuuc,0.95
1703,ugucuucgucaucuucuag,0.888
1704,gucuucgucaucuucuaga,0.58
1705,ucuucgucaucuucuagac,0.92
1706,uucgucaucuucuagaccc,0.963
1707,cgucaucuucuagacccca,0.388
1708,caucuucuagaccccagcu,0.73
1709,aucuucuagaccccagcua,0.828
1710,gcuaacugugccaucuccu,0.609
1711,uaacugugccaucuccuac,0.888
1712,ugugccaucuccuacuccu,0.923
1713,ccaucuccuacuccuuucu,0.586
1714,uacuccuuucuggccuucu,0.861
1715,ggccuucuucgaguucuuc,0.538
1716,ccuucuucgaguucuucca,0.599
1717,guucuuccaacagucggaa,0.523
1718,uuccaacagucggaaauug,0.953
1719,caacagucggaaauugcga,0.856
1720,cagucggaaauugcgaggg,0.845
1721,ucggaaauugcgagggacu,0.96
1722,auugcgagggacuuuuacu,0.91
1723,ugcgagggacuuuuacucc,0.887
1724,gagggacuuuuacuccuuu,0.656
1725,uuuacuccuuugcagugaa,0.814
1726,uacuccuuugcagugaaau,0.95
1727,cuccuuugcagugaaauuu,0.458
1728,ccuuugcagugaaauuuuc,0.837
1729,uugcagugaaauuuucuag,0.96
1730,gcagugaaauuuucuaggu,0.365
1731,cagugaaauuuucuagguu,0.494
1732,gugaaauuuucuagguuca,0.43
1733,gaaauuuucuagguucaag,0.535
1734,auuuucuagguucaagucu,0.714
1735,ucuagguucaagucuuccu,0.78
1736,agucuuccuucaucacuca,0.623
2306,uuccagagcucggcagcau,0.845
2307,uccagagcucggcagcaug,0.905
2308,agcucggcagcaugugugu,0.78
2309,cucggcagcauguguguuc,0.896
2310,ucggcagcauguguguuca,0.865
2311,auguguguucaagggacua,0.761
2312,uucaagggacuaucaaugu,0.908
2313,ucaagggacuaucaauguu,0.931
2314,cuaucaauguuggguucuc,0.663
2315,aucaauguuggguucuccu,0.942
2316,aauguuggguucuccuaga,0.888
2317,uguuggguucuccuagaag,0.861
2318,uuggguucuccuagaaggc,0.928
2319,guucuccuagaaggcucug,0.755
2320,uccuagaaggcucuggaug,0.786
2321,uagaaggcucuggauggag,0.819
2322,cuggauggagagcagaaug,0.797
2324,ggagagcagaaugguccug,0.454
2325,agcagaaugguccugacau,0.565
2326,gcagaaugguccugacauc,0.488
2327,gaaugguccugacaucaua,0.321
2328,gguccugacaucauacagg,0.42
2329,ccugacaucauacagggca,0.508
2330,acaucauacagggcagacc,0.555
2331,caucauacagggcagacca,0.286
2332,ucauacagggcagaccacu,0.611
2333,ggcagaccacuuuuccuuc,0.633
2334,gaccacuuuuccuucagga,0.718
2335,cacuuuuccuucaggaugu,0.462
2336,uuccuucaggauguccagg,0.742
2337,uccuucaggauguccaggc,0.858
2338,ccuucaggauguccaggca,0.492
2339,aggauguccaggcauaugu,0.757
2340,ggcauauguuacccugggu,0.396
2341,uuacccuggguguccacgu,0.83
2342,ggguguccacguuggggug,0.116
2343,guccacguuggggugauag,0.772
2344,uccacguuggggugauagc,0.894
2345,cguuggggugauagcaggg,0.531
2346,guuggggugauagcagggc,0.634
2347,uagcagggcgugaggaacu,0.844
2348,agcagggcgugaggaacuu,0.51
2349,gcagggcgugaggaacuuc,0.409
2350,gugaggaacuucacugugg,0.743
2351,gaggaacuucacugugggc,0.467
2352,ggaacuucacugugggcgc,0.709
2353,acuucacugugggcgcauu,0.576
2354,uucacugugggcgcauugu,0.937
2355,gugggcgcauuguaagggu,0.474
2356,cgcauuguaaggguagcca,0.613
2357,gcauuguaaggguagccac,0.878
2358,cauuguaaggguagccacu,0.769
2359,uguaaggguagccacuggg,0.857
2360,guaaggguagccacugggg,0.677
2361,guagccacuggggaacucu,0.87
2362,uagccacuggggaacucua,0.672
2363,gccacuggggaacucuagc,0.69
2364,ccacuggggaacucuagcg,0.869
2365,gaacucuagcgagagcuua,0.602
2366,ucuagcgagagcuuauacc,0.913
2367,cuagcgagagcuuauaccu,0.924
2368,agcgagagcuuauaccuca,0.806
2369,gcgagagcuuauaccucag,0.758
2370,gagagcuuauaccucaggu,0.809
2371,gagcuuauaccucaggucu,0.717
2372,agcuuauaccucaggucuu,0.464
2373,ccucaggucuucauauacu,0.772
2374,cucaggucuucauauacug,0.822
2375,ucaggucuucauauacugu,0.881
2376,aggucuucauauacuguuc,0.869
2377,cuucauauacuguuccagc,0.904
2378,uucauauacuguuccagcu,0.975
2379,uauacuguuccagcugcuc,0.852
2380,acuguuccagcugcuccau,0.845
2381,ccagcugcuccauggaugg,0.807
2382,cagcugcuccauggauggu,0.621
